observation_id,fixture_id,condition,framing,complexity,expected,technical_status,technical_failure_reason,parsed_choice,passed,decision_margin,raw_a_logit,raw_b_logit,character_count,input_token_count,output_token_count,edit_distance_from_neutral_baseline,task_relevant_actor_entity_count,relational_binding_count,directed_role_delegation_count,maximum_relational_nesting_depth,locus_of_action_transition_count,conjunction_dependency_count,rendering_hash,model,revision,run_id
RESCS1C-C000:CODE_MAPPED_HIGH,RESCS1C-C000,CODE_MAPPED_HIGH,CODE_MAPPED,HIGH,A,VALID,,B,False,-4.875,30.375,35.25,1159,277,1,117,5,9,4,3,4,4,148303eef73f077338f56b3e2c2177507c7383264785cb5b0adb55db026866e4,Qwen/Qwen2.5-3B-Instruct,aa8e72537993ba99e69dfaafa59ed015b17504d1,36286467377
RESCS1C-C000:NONREL_CONTROL_HIGH,RESCS1C-C000,NONREL_CONTROL_HIGH,NON_RELATIONAL_CONTROL,HIGH,A,VALID,,B,False,-2.0,31.0,33.0,1201,292,1,22,5,9,4,3,4,4,34e662124b21b80616dcd11aa37b2d1a4db2b5a55a9d3503b502d62491f46774,Qwen/Qwen2.5-3B-Instruct,aa8e72537993ba99e69dfaafa59ed015b17504d1,36286467377
RESCS1C-C000:NEUTRAL_LOW,RESCS1C-C000,NEUTRAL_LOW,NEUTRAL,LOW,A,VALID,,B,False,-1.25,32.0,33.25,796,203,1,0,2,3,0,1,1,1,eb6b7f78955b9a3f64e8685a768ca5add0cde91ab3f4e866fb6e511db3d416be,Qwen/Qwen2.5-3B-Instruct,aa8e72537993ba99e69dfaafa59ed015b17504d1,36286467377
RESCS1C-C000:CODE_MAPPED_LOW,RESCS1C-C000,CODE_MAPPED_LOW,CODE_MAPPED,LOW,A,VALID,,B,False,-2.5,33.0,35.5,776,195,1,117,2,3,0,1,1,1,cc013c5a567ee5150c8027ccf77c94da6b6744b551da066dc8ec3f50ef1abc4f,Qwen/Qwen2.5-3B-Instruct,aa8e72537993ba99e69dfaafa59ed015b17504d1,36286467377
RESCS1C-C000:NEUTRAL_HIGH,RESCS1C-C000,NEUTRAL_HIGH,NEUTRAL,HIGH,A,VALID,,B,False,-1.625,31.125,32.75,1179,285,1,0,5,9,4,3,4,4,d806b444e8c8b641ce2124ce2a43f9dc59b7dafbd9e4fc57ce62bf3a04c6ab0a,Qwen/Qwen2.5-3B-Instruct,aa8e72537993ba99e69dfaafa59ed015b17504d1,36286467377
RESCS1C-C001:NONREL_CONTROL_HIGH,RESCS1C-C001,NONREL_CONTROL_HIGH,NON_RELATIONAL_CONTROL,HIGH,A,VALID,,B,False,-1.5,34.25,35.75,1201,292,1,22,5,9,4,3,4,4,6035fd3cf0555c23229d021e3e92b0208ea4d77f6c06ddc6e5d7e7616c62a26a,Qwen/Qwen2.5-3B-Instruct,aa8e72537993ba99e69dfaafa59ed015b17504d1,36286467377
RESCS1C-C001:NEUTRAL_LOW,RESCS1C-C001,NEUTRAL_LOW,NEUTRAL,LOW,A,VALID,,B,False,-2.75,33.5,36.25,796,203,1,0,2,3,0,1,1,1,8f9458d0d44912b523b4d7a8e94ab45a9db0986e1e953b0fad9be762f68ebcb2,Qwen/Qwen2.5-3B-Instruct,aa8e72537993ba99e69dfaafa59ed015b17504d1,36286467377
RESCS1C-C001:CODE_MAPPED_LOW,RESCS1C-C001,CODE_MAPPED_LOW,CODE_MAPPED,LOW,A,VALID,,A,True,6.5,37.25,30.75,776,195,1,117,2,3,0,1,1,1,39b11b00d91767453b08fdfb0950deaf664b5b7abc5608da73d6fa256fbf8d53,Qwen/Qwen2.5-3B-Instruct,aa8e72537993ba99e69dfaafa59ed015b17504d1,36286467377
RESCS1C-C001:NEUTRAL_HIGH,RESCS1C-C001,NEUTRAL_HIGH,NEUTRAL,HIGH,A,VALID,,B,False,-1.0,34.5,35.5,1179,285,1,0,5,9,4,3,4,4,45cc5800f3357fdd53ebf86c474b989b77cf8e507669c40e072e43b16a06c044,Qwen/Qwen2.5-3B-Instruct,aa8e72537993ba99e69dfaafa59ed015b17504d1,36286467377
RESCS1C-C001:CODE_MAPPED_HIGH,RESCS1C-C001,CODE_MAPPED_HIGH,CODE_MAPPED,HIGH,A,VALID,,A,True,2.75,36.5,33.75,1159,277,1,117,5,9,4,3,4,4,ec396868b967243e778b14a20de6bb74bc12e6902f68ee975eb1776d52c1536d,Qwen/Qwen2.5-3B-Instruct,aa8e72537993ba99e69dfaafa59ed015b17504d1,36286467377
RESCS1C-C002:NEUTRAL_LOW,RESCS1C-C002,NEUTRAL_LOW,NEUTRAL,LOW,A,VALID,,B,False,1.0,36.25,35.25,798,203,1,0,2,3,0,1,1,1,4aa8b02f8157f83739868f31060c3a2f4639920af9a299122aeb6a5351e5c9e8,Qwen/Qwen2.5-3B-Instruct,aa8e72537993ba99e69dfaafa59ed015b17504d1,36286467377
RESCS1C-C002:CODE_MAPPED_LOW,RESCS1C-C002,CODE_MAPPED_LOW,CODE_MAPPED,LOW,A,VALID,,B,False,-5.75,33.0,38.75,778,195,1,117,2,3,0,1,1,1,27bb0d6537a39fe6b918444861ce9a86dcae6cfaf9bf6c65e27a516383434d67,Qwen/Qwen2.5-3B-Instruct,aa8e72537993ba99e69dfaafa59ed015b17504d1,36286467377
RESCS1C-C002:NEUTRAL_HIGH,RESCS1C-C002,NEUTRAL_HIGH,NEUTRAL,HIGH,A,VALID,,B,False,0.75,34.25,33.5,1181,285,1,0,5,9,4,3,4,4,a30c2129194b128d54a55535b249a5b9ea34ecb17575b962e53292b6c48f7fa5,Qwen/Qwen2.5-3B-Instruct,aa8e72537993ba99e69dfaafa59ed015b17504d1,36286467377
RESCS1C-C002:CODE_MAPPED_HIGH,RESCS1C-C002,CODE_MAPPED_HIGH,CODE_MAPPED,HIGH,A,VALID,,B,False,-5.25,32.5,37.75,1161,277,1,117,5,9,4,3,4,4,b34aed2f885299fb92807ecd477a5fe8514746f51142eacd43d999b0f0c5a170,Qwen/Qwen2.5-3B-Instruct,aa8e72537993ba99e69dfaafa59ed015b17504d1,36286467377
RESCS1C-C002:NONREL_CONTROL_HIGH,RESCS1C-C002,NONREL_CONTROL_HIGH,NON_RELATIONAL_CONTROL,HIGH,A,VALID,,B,False,-0.75,33.0,33.75,1203,292,1,22,5,9,4,3,4,4,6fcfe411d29ab8782783ffb09a91934eef789ef71854d25d6ddbfa24210af962,Qwen/Qwen2.5-3B-Instruct,aa8e72537993ba99e69dfaafa59ed015b17504d1,36286467377
RESCS1C-C003:CODE_MAPPED_LOW,RESCS1C-C003,CODE_MAPPED_LOW,CODE_MAPPED,LOW,B,VALID,,B,True,9.125,30.875,40.0,776,194,1,115,2,3,0,1,1,1,f5a83a57cf6f93f463226eeab047f931cbf4dfb3b6c363297dbb2e8ee3bb485c,Qwen/Qwen2.5-3B-Instruct,aa8e72537993ba99e69dfaafa59ed015b17504d1,36286467377
RESCS1C-C003:NEUTRAL_HIGH,RESCS1C-C003,NEUTRAL_HIGH,NEUTRAL,HIGH,B,VALID,,B,True,4.125,29.625,33.75,1176,284,1,0,5,9,4,3,4,4,63e36b0f034d273af81ae4915de897462d8a6de90c3ff5586fe7e9670f08c90c,Qwen/Qwen2.5-3B-Instruct,aa8e72537993ba99e69dfaafa59ed015b17504d1,36286467377
RESCS1C-C003:CODE_MAPPED_HIGH,RESCS1C-C003,CODE_MAPPED_HIGH,CODE_MAPPED,HIGH,B,VALID,,B,True,6.125,31.125,37.25,1159,276,1,115,5,9,4,3,4,4,bdc0409771a657fefcc3bdea7d2388c0beb3e02930dd3afa22e7d27874831645,Qwen/Qwen2.5-3B-Instruct,aa8e72537993ba99e69dfaafa59ed015b17504d1,36286467377
RESCS1C-C003:NONREL_CONTROL_HIGH,RESCS1C-C003,NONREL_CONTROL_HIGH,NON_RELATIONAL_CONTROL,HIGH,B,VALID,,B,True,4.875,29.625,34.5,1198,291,1,22,5,9,4,3,4,4,88c7f4d0a69c69aa165fdad2d5b246d2b5a8c14caa1d240cf57ee70b1ec50560,Qwen/Qwen2.5-3B-Instruct,aa8e72537993ba99e69dfaafa59ed015b17504d1,36286467377
RESCS1C-C003:NEUTRAL_LOW,RESCS1C-C003,NEUTRAL_LOW,NEUTRAL,LOW,B,VALID,,B,True,4.0,30.25,34.25,793,202,1,0,2,3,0,1,1,1,679d06080ffa5eaef11ab9282f27ca01f1108599b2222c923d9d825164e7d7eb,Qwen/Qwen2.5-3B-Instruct,aa8e72537993ba99e69dfaafa59ed015b17504d1,36286467377
RESCS1C-C004:NEUTRAL_HIGH,RESCS1C-C004,NEUTRAL_HIGH,NEUTRAL,HIGH,B,VALID,,B,True,0.5,33.75,34.25,1177,285,1,0,5,9,4,3,4,4,0b9a1dca705a57051ebb1b9476dd5c4d5ac1a3ad25618e3925f9052abe614e1a,Qwen/Qwen2.5-3B-Instruct,aa8e72537993ba99e69dfaafa59ed015b17504d1,36286467377
RESCS1C-C004:CODE_MAPPED_HIGH,RESCS1C-C004,CODE_MAPPED_HIGH,CODE_MAPPED,HIGH,B,VALID,,B,True,11.125,27.125,38.25,1157,277,1,117,5,9,4,3,4,4,cea18f8c7f453705f2a52fe4037678d0ff6fe92fa7293e406d7e0c91dbf06347,Qwen/Qwen2.5-3B-Instruct,aa8e72537993ba99e69dfaafa59ed015b17504d1,36286467377
RESCS1C-C004:NONREL_CONTROL_HIGH,RESCS1C-C004,NONREL_CONTROL_HIGH,NON_RELATIONAL_CONTROL,HIGH,B,VALID,,B,True,1.5,33.25,34.75,1199,292,1,22,5,9,4,3,4,4,469e857b31cc42709ff45b47179b0e78f2c5e8bd2b409acd67c9592f5e3fc9d9,Qwen/Qwen2.5-3B-Instruct,aa8e72537993ba99e69dfaafa59ed015b17504d1,36286467377
RESCS1C-C004:NEUTRAL_LOW,RESCS1C-C004,NEUTRAL_LOW,NEUTRAL,LOW,B,VALID,,B,True,0.75,34.5,35.25,794,203,1,0,2,3,0,1,1,1,4d928d8ce66dede2245814cc97eb8167223cfe69a46328a71e5cda021263c058,Qwen/Qwen2.5-3B-Instruct,aa8e72537993ba99e69dfaafa59ed015b17504d1,36286467377
RESCS1C-C004:CODE_MAPPED_LOW,RESCS1C-C004,CODE_MAPPED_LOW,CODE_MAPPED,LOW,B,VALID,,B,True,10.0,28.25,38.25,774,195,1,117,2,3,0,1,1,1,5b0fbb9238a3feafa731aefb2133e286e3d6e550e61b6193044f8fc8d2a5961b,Qwen/Qwen2.5-3B-Instruct,aa8e72537993ba99e69dfaafa59ed015b17504d1,36286467377
RESCS1C-C005:CODE_MAPPED_HIGH,RESCS1C-C005,CODE_MAPPED_HIGH,CODE_MAPPED,HIGH,A,VALID,,B,False,-3.75,32.25,36.0,1162,277,1,115,5,9,4,3,4,4,48a89c6aa63a4fe798a38b5ef82a735cc7e1de81955d8ed80a562eeb9643f46d,Qwen/Qwen2.5-3B-Instruct,aa8e72537993ba99e69dfaafa59ed015b17504d1,36324399210
RESCS1C-C005:NONREL_CONTROL_HIGH,RESCS1C-C005,NONREL_CONTROL_HIGH,NON_RELATIONAL_CONTROL,HIGH,A,VALID,,B,False,-1.875,31.375,33.25,1201,292,1,22,5,9,4,3,4,4,0f4d424b6be2f3162a8e33536c20cd2c329e89f18b58f3eab04db9f2e0ccd067,Qwen/Qwen2.5-3B-Instruct,aa8e72537993ba99e69dfaafa59ed015b17504d1,36324399210
RESCS1C-C005:CODE_MAPPED_LOW,RESCS1C-C005,CODE_MAPPED_LOW,CODE_MAPPED,LOW,A,VALID,,B,False,-5.5,34.25,39.75,779,195,1,115,2,3,0,1,1,1,d4c7a9d628c3179487d29367c72d1a794afe50e6688e602a9a9536725f45ed93,Qwen/Qwen2.5-3B-Instruct,aa8e72537993ba99e69dfaafa59ed015b17504d1,36324399210
RESCS1C-C005:NEUTRAL_LOW,RESCS1C-C005,NEUTRAL_LOW,NEUTRAL,LOW,A,VALID,,B,False,-0.5,32.5,33.0,796,203,1,0,2,3,0,1,1,1,29349dfc201cc347b66a741f884a2b03163ae2159dbfb0ac04acdb77b3abdf22,Qwen/Qwen2.5-3B-Instruct,aa8e72537993ba99e69dfaafa59ed015b17504d1,36324399210
RESCS1C-C005:NEUTRAL_HIGH,RESCS1C-C005,NEUTRAL_HIGH,NEUTRAL,HIGH,A,VALID,,B,False,-1.375,31.875,33.25,1179,285,1,0,5,9,4,3,4,4,30ab38adc6740ae82981708adafede2cf98bc894e9109f7ed1a5c9b4608b8cd5,Qwen/Qwen2.5-3B-Instruct,aa8e72537993ba99e69dfaafa59ed015b17504d1,36324399210
RESCS1C-C006:NONREL_CONTROL_HIGH,RESCS1C-C006,NONREL_CONTROL_HIGH,NON_RELATIONAL_CONTROL,HIGH,A,VALID,,B,False,-1.0,30.125,31.125,1200,291,1,22,5,9,4,3,4,4,9b691300a42475a04250a0981b16bc7580c5e9b2e1d54f71815fc20930709cfa,Qwen/Qwen2.5-3B-Instruct,aa8e72537993ba99e69dfaafa59ed015b17504d1,36324399210
RESCS1C-C006:CODE_MAPPED_LOW,RESCS1C-C006,CODE_MAPPED_LOW,CODE_MAPPED,LOW,A,VALID,,B,False,0.75,38.25,37.5,775,194,1,117,2,3,0,1,1,1,e0cc546e8b3c34671fc151416af4b9372090f898f4974b186e284c44e22bf1c9,Qwen/Qwen2.5-3B-Instruct,aa8e72537993ba99e69dfaafa59ed015b17504d1,36324399210
RESCS1C-C006:NEUTRAL_LOW,RESCS1C-C006,NEUTRAL_LOW,NEUTRAL,LOW,A,VALID,,B,False,0.5,35.25,34.75,795,202,1,0,2,3,0,1,1,1,55ed896ec65cb075f36bd31121ea3de49130721379c782d0bea15a435498cf87,Qwen/Qwen2.5-3B-Instruct,aa8e72537993ba99e69dfaafa59ed015b17504d1,36324399210
RESCS1C-C006:NEUTRAL_HIGH,RESCS1C-C006,NEUTRAL_HIGH,NEUTRAL,HIGH,A,VALID,,B,False,-1.125,30.25,31.375,1178,284,3,0,5,9,4,3,4,4,c5f9e74a2db0877b2da2519730bb2505576a020329de109fa5a5786416031e1e,Qwen/Qwen2.5-3B-Instruct,aa8e72537993ba99e69dfaafa59ed015b17504d1,36324399210
RESCS1C-C006:CODE_MAPPED_HIGH,RESCS1C-C006,CODE_MAPPED_HIGH,CODE_MAPPED,HIGH,A,VALID,,A,True,3.25,37.75,34.5,1158,276,1,117,5,9,4,3,4,4,ccdf2254de13cb82747b7692f785e66ac1bee3ad59c0e2807f066d5e35cde7b6,Qwen/Qwen2.5-3B-Instruct,aa8e72537993ba99e69dfaafa59ed015b17504d1,36324399210
RESCS1C-C007:CODE_MAPPED_LOW,RESCS1C-C007,CODE_MAPPED_LOW,CODE_MAPPED,LOW,A,VALID,,A,True,3.0,40.0,37.0,766,195,1,117,2,3,0,1,1,1,c361e4816e34b0105e15a60e5a8794b990968698432e8bcd8ae8013b2a7ecdcb,Qwen/Qwen2.5-3B-Instruct,aa8e72537993ba99e69dfaafa59ed015b17504d1,36324399210
RESCS1C-C007:NEUTRAL_LOW,RESCS1C-C007,NEUTRAL_LOW,NEUTRAL,LOW,A,VALID,,A,True,3.0,37.25,34.25,786,203,1,0,2,3,0,1,1,1,ae21156a45724ac9133c5bbf91c56cb5d1a5a84c9a7492adfe30f354ef574d96,Qwen/Qwen2.5-3B-Instruct,aa8e72537993ba99e69dfaafa59ed015b17504d1,36324399210
RESCS1C-C007:NEUTRAL_HIGH,RESCS1C-C007,NEUTRAL_HIGH,NEUTRAL,HIGH,A,VALID,,A,True,2.75,34.75,32.0,1169,285,1,0,5,9,4,3,4,4,c8c32f7349ea247bf68f8a135cf8ebec26a327bbd93c9adbe112d58a9cfb2a7b,Qwen/Qwen2.5-3B-Instruct,aa8e72537993ba99e69dfaafa59ed015b17504d1,36324399210
RESCS1C-C007:CODE_MAPPED_HIGH,RESCS1C-C007,CODE_MAPPED_HIGH,CODE_MAPPED,HIGH,A,VALID,,A,True,6.0,39.25,33.25,1149,277,1,117,5,9,4,3,4,4,3143dd1df33c2685291afe824f0e8a38bbd21dc237a6af46f2b34effda38a025,Qwen/Qwen2.5-3B-Instruct,aa8e72537993ba99e69dfaafa59ed015b17504d1,36324399210
RESCS1C-C007:NONREL_CONTROL_HIGH,RESCS1C-C007,NONREL_CONTROL_HIGH,NON_RELATIONAL_CONTROL,HIGH,A,VALID,,A,True,2.375,33.5,31.125,1191,292,1,22,5,9,4,3,4,4,4ee87e106884bc8a1f021c3bb53267b3395de1a8f3f3764d5c87cbf9e5160963,Qwen/Qwen2.5-3B-Instruct,aa8e72537993ba99e69dfaafa59ed015b17504d1,36324399210
RESCS1C-C008:NEUTRAL_LOW,RESCS1C-C008,NEUTRAL_LOW,NEUTRAL,LOW,B,VALID,,B,True,0.75,34.25,35.0,797,202,1,0,2,3,0,1,1,1,04660190a1b8e9672a4c6cc1c7f579b3bac27c4319ac05d4bc56dae7fe26824b,Qwen/Qwen2.5-3B-Instruct,aa8e72537993ba99e69dfaafa59ed015b17504d1,36286467377
RESCS1C-C008:NEUTRAL_HIGH,RESCS1C-C008,NEUTRAL_HIGH,NEUTRAL,HIGH,B,VALID,,B,True,1.5,33.25,34.75,1180,284,1,0,5,9,4,3,4,4,5e4aa70a82ba5e4401aff8ba69c8d3a40a71979a880bc20a2e7b53355769daf7,Qwen/Qwen2.5-3B-Instruct,aa8e72537993ba99e69dfaafa59ed015b17504d1,36286467377
RESCS1C-C008:CODE_MAPPED_HIGH,RESCS1C-C008,CODE_MAPPED_HIGH,CODE_MAPPED,HIGH,B,VALID,,A,False,-2.25,36.5,34.25,1160,276,1,117,5,9,4,3,4,4,97e5f4f5805ba4ccc228563fd3c13f36a84b1a47f7e0f6de98ef96e0f6d351cf,Qwen/Qwen2.5-3B-Instruct,aa8e72537993ba99e69dfaafa59ed015b17504d1,36286467377
RESCS1C-C008:NONREL_CONTROL_HIGH,RESCS1C-C008,NONREL_CONTROL_HIGH,NON_RELATIONAL_CONTROL,HIGH,B,VALID,,B,True,1.5,32.25,33.75,1202,291,1,22,5,9,4,3,4,4,7ecb3b4ecf71be0815a4051b25e6694e76438c256b6e2a346fde50ce0ff9e7ac,Qwen/Qwen2.5-3B-Instruct,aa8e72537993ba99e69dfaafa59ed015b17504d1,36286467377
RESCS1C-C008:CODE_MAPPED_LOW,RESCS1C-C008,CODE_MAPPED_LOW,CODE_MAPPED,LOW,B,VALID,,B,True,-1.0,37.75,36.75,777,194,1,117,2,3,0,1,1,1,68a793a8c2ad1dc925e22fbd8cf12bc241d74299855d37f8934e2216ad3e77a2,Qwen/Qwen2.5-3B-Instruct,aa8e72537993ba99e69dfaafa59ed015b17504d1,36286467377
RESCS1C-C009:NEUTRAL_HIGH,RESCS1C-C009,NEUTRAL_HIGH,NEUTRAL,HIGH,B,VALID,,B,True,2.5,29.75,32.25,1179,285,3,0,5,9,4,3,4,4,62d9d825022eff81e6feeeb18efaff74ce4802996cff7e04147af828458ef96b,Qwen/Qwen2.5-3B-Instruct,aa8e72537993ba99e69dfaafa59ed015b17504d1,36286467377
RESCS1C-C009:CODE_MAPPED_HIGH,RESCS1C-C009,CODE_MAPPED_HIGH,CODE_MAPPED,HIGH,B,VALID,,A,False,-2.25,35.25,33.0,1159,277,1,117,5,9,4,3,4,4,e2b37990ad14f683f2f692b01ae5a305299c80a5d50422e3354d0141362c72a6,Qwen/Qwen2.5-3B-Instruct,aa8e72537993ba99e69dfaafa59ed015b17504d1,36286467377
RESCS1C-C009:NONREL_CONTROL_HIGH,RESCS1C-C009,NONREL_CONTROL_HIGH,NON_RELATIONAL_CONTROL,HIGH,B,VALID,,B,True,2.25,29.75,32.0,1201,292,3,22,5,9,4,3,4,4,bf1e74297c7f027c9498d490f356fce8bdf8e27a4e4adf3b5a297ebd74a5aa95,Qwen/Qwen2.5-3B-Instruct,aa8e72537993ba99e69dfaafa59ed015b17504d1,36286467377
RESCS1C-C009:CODE_MAPPED_LOW,RESCS1C-C009,CODE_MAPPED_LOW,CODE_MAPPED,LOW,B,VALID,,B,True,1.25,34.5,35.75,776,195,1,117,2,3,0,1,1,1,6f2a489f7c2c0f8e21524c13cc1e3a203173c92b70949655d42a81c33e83d9f8,Qwen/Qwen2.5-3B-Instruct,aa8e72537993ba99e69dfaafa59ed015b17504d1,36286467377
RESCS1C-C009:NEUTRAL_LOW,RESCS1C-C009,NEUTRAL_LOW,NEUTRAL,LOW,B,VALID,,B,True,2.375,30.625,33.0,796,203,1,0,2,3,0,1,1,1,61e241f69c3b2efb6ed8425a703dabd49d176a75da52c416db29669b96e48488,Qwen/Qwen2.5-3B-Instruct,aa8e72537993ba99e69dfaafa59ed015b17504d1,36286467377
RESCS1C-C010:NEUTRAL_LOW,RESCS1C-C010,NEUTRAL_LOW,NEUTRAL,LOW,B,VALID,,B,True,3.875,30.375,34.25,795,202,1,0,2,3,0,1,1,1,02f19031e224d035b99aaa58fb8d5d02f37dccd80c3bd4246587b33d3ae8477d,Qwen/Qwen2.5-3B-Instruct,aa8e72537993ba99e69dfaafa59ed015b17504d1,36286467377
RESCS1C-C010:NEUTRAL_HIGH,RESCS1C-C010,NEUTRAL_HIGH,NEUTRAL,HIGH,B,VALID,,B,True,4.375,30.125,34.5,1178,284,1,0,5,9,4,3,4,4,05aa14ed9cc4b7cc69007313c3109fd3fe5fb0cb9efb5b5056f8299e60f5ffed,Qwen/Qwen2.5-3B-Instruct,aa8e72537993ba99e69dfaafa59ed015b17504d1,36286467377
RESCS1C-C010:NONREL_CONTROL_HIGH,RESCS1C-C010,NONREL_CONTROL_HIGH,NON_RELATIONAL_CONTROL,HIGH,B,VALID,,B,True,4.5,30.25,34.75,1200,291,1,22,5,9,4,3,4,4,2bfc869fc1bbcad1610b5d0047f9bf7fc0664336b4df9a50348fb422d74bccce,Qwen/Qwen2.5-3B-Instruct,aa8e72537993ba99e69dfaafa59ed015b17504d1,36286467377
RESCS1C-C010:CODE_MAPPED_HIGH,RESCS1C-C010,CODE_MAPPED_HIGH,CODE_MAPPED,HIGH,B,VALID,,B,True,5.625,31.375,37.0,1161,276,1,115,5,9,4,3,4,4,26cd2d2f7c1390617f1cef4ea0ff22642cef5aafac254df0536d9d08fd0cc0f3,Qwen/Qwen2.5-3B-Instruct,aa8e72537993ba99e69dfaafa59ed015b17504d1,36286467377
RESCS1C-C010:CODE_MAPPED_LOW,RESCS1C-C010,CODE_MAPPED_LOW,CODE_MAPPED,LOW,B,VALID,,B,True,9.125,30.875,40.0,778,194,1,115,2,3,0,1,1,1,860f8c8e29a8427825fc7379e00e16d2f0e409f852efba85fb1b82c6b0655512,Qwen/Qwen2.5-3B-Instruct,aa8e72537993ba99e69dfaafa59ed015b17504d1,36286467377
RESCS1C-C011:NEUTRAL_HIGH,RESCS1C-C011,NEUTRAL_HIGH,NEUTRAL,HIGH,A,VALID,,B,False,-2.875,31.375,34.25,1180,284,1,0,5,9,4,3,4,4,d61286a81d27db1a781ca4cf0655fd283e877a90700c3c7e8501bcc85e39b4ca,Qwen/Qwen2.5-3B-Instruct,aa8e72537993ba99e69dfaafa59ed015b17504d1,36286467377
RESCS1C-C011:NONREL_CONTROL_HIGH,RESCS1C-C011,NONREL_CONTROL_HIGH,NON_RELATIONAL_CONTROL,HIGH,A,VALID,,B,False,-4.125,31.125,35.25,1202,291,1,22,5,9,4,3,4,4,7c1f7951251bd052bf1fa31b2cbb1092da6e3568b5c82b77c37eaac8ecabf17f,Qwen/Qwen2.5-3B-Instruct,aa8e72537993ba99e69dfaafa59ed015b17504d1,36286467377
RESCS1C-C011:CODE_MAPPED_HIGH,RESCS1C-C011,CODE_MAPPED_HIGH,CODE_MAPPED,HIGH,A,VALID,,B,False,-0.25,33.5,33.75,1163,276,1,115,5,9,4,3,4,4,4be9b80346c77e830854d7c2f116a2ac181bf48d642681ed0dafb7cd38af0396,Qwen/Qwen2.5-3B-Instruct,aa8e72537993ba99e69dfaafa59ed015b17504d1,36286467377
RESCS1C-C011:CODE_MAPPED_LOW,RESCS1C-C011,CODE_MAPPED_LOW,CODE_MAPPED,LOW,A,VALID,,B,False,-6.25,33.25,39.5,780,194,1,115,2,3,0,1,1,1,fc7448d5d2845b6fc7e92eca3e1ac1dac9fcf37d3ab898da243983a728b7bbed,Qwen/Qwen2.5-3B-Instruct,aa8e72537993ba99e69dfaafa59ed015b17504d1,36286467377
RESCS1C-C011:NEUTRAL_LOW,RESCS1C-C011,NEUTRAL_LOW,NEUTRAL,LOW,A,VALID,,B,False,-1.0,35.0,36.0,797,202,1,0,2,3,0,1,1,1,5ddb11275c1629d323008a7384243da2cac528069e8084d0550742af17f27a42,Qwen/Qwen2.5-3B-Instruct,aa8e72537993ba99e69dfaafa59ed015b17504d1,36286467377
RESCS1C-C012:NONREL_CONTROL_HIGH,RESCS1C-C012,NONREL_CONTROL_HIGH,NON_RELATIONAL_CONTROL,HIGH,A,VALID,,B,False,-1.5,33.0,34.5,1200,291,1,22,5,9,4,3,4,4,c220bee58e0a6ea9d840eaf59f8220b4cb7cad782aa165bdedf81bb70cd7dfcc,Qwen/Qwen2.5-3B-Instruct,aa8e72537993ba99e69dfaafa59ed015b17504d1,36286467377
RESCS1C-C012:CODE_MAPPED_HIGH,RESCS1C-C012,CODE_MAPPED_HIGH,CODE_MAPPED,HIGH,A,VALID,,B,False,-5.75,32.25,38.0,1158,276,1,117,5,9,4,3,4,4,3ac47cde9cccd6ba6902374f1bf7cf4c76461d5907551c6887f7100dee5d1ef0,Qwen/Qwen2.5-3B-Instruct,aa8e72537993ba99e69dfaafa59ed015b17504d1,36286467377
RESCS1C-C012:CODE_MAPPED_LOW,RESCS1C-C012,CODE_MAPPED_LOW,CODE_MAPPED,LOW,A,VALID,,B,False,-5.5,33.5,39.0,775,194,1,117,2,3,0,1,1,1,a09f571b4b2d931a2468b916d954f9c74015a4947150afe22165bbc1c1dc7b49,Qwen/Qwen2.5-3B-Instruct,aa8e72537993ba99e69dfaafa59ed015b17504d1,36286467377
RESCS1C-C012:NEUTRAL_LOW,RESCS1C-C012,NEUTRAL_LOW,NEUTRAL,LOW,A,VALID,,B,False,0.0,35.75,35.75,795,202,1,0,2,3,0,1,1,1,d92bc3ca1f27a2de7fcd4371fec8f16c558fa98e06ff70647c9e16b16323a9ef,Qwen/Qwen2.5-3B-Instruct,aa8e72537993ba99e69dfaafa59ed015b17504d1,36286467377
RESCS1C-C012:NEUTRAL_HIGH,RESCS1C-C012,NEUTRAL_HIGH,NEUTRAL,HIGH,A,VALID,,B,False,0.0,34.25,34.25,1178,284,1,0,5,9,4,3,4,4,7ddd5cda82f8c5c815158249915b365aba111b5567907baa50a46976bae3a445,Qwen/Qwen2.5-3B-Instruct,aa8e72537993ba99e69dfaafa59ed015b17504d1,36286467377
RESCS1C-C013:CODE_MAPPED_HIGH,RESCS1C-C013,CODE_MAPPED_HIGH,CODE_MAPPED,HIGH,A,VALID,,A,True,4.75,38.0,33.25,1152,277,1,115,5,9,4,3,4,4,c867ee8c717caec0b4fc1ed569d28676498d7368254cebae3445e1aab006bd71,Qwen/Qwen2.5-3B-Instruct,aa8e72537993ba99e69dfaafa59ed015b17504d1,36286467377
RESCS1C-C013:CODE_MAPPED_LOW,RESCS1C-C013,CODE_MAPPED_LOW,CODE_MAPPED,LOW,A,VALID,,B,False,1.0,38.75,37.75,769,195,1,115,2,3,0,1,1,1,85c3ff7b0fcbf37f701d1da5b2c2277f0c37976de0111a20e9992793cf3b169d,Qwen/Qwen2.5-3B-Instruct,aa8e72537993ba99e69dfaafa59ed015b17504d1,36286467377
RESCS1C-C013:NEUTRAL_LOW,RESCS1C-C013,NEUTRAL_LOW,NEUTRAL,LOW,A,VALID,,B,False,1.25,36.25,35.0,786,203,1,0,2,3,0,1,1,1,30fe0f076bd127c449aa668607f02ec81064f4a718571e2b3cada01f40c36939,Qwen/Qwen2.5-3B-Instruct,aa8e72537993ba99e69dfaafa59ed015b17504d1,36286467377
RESCS1C-C013:NEUTRAL_HIGH,RESCS1C-C013,NEUTRAL_HIGH,NEUTRAL,HIGH,A,VALID,,B,False,0.75,33.5,32.75,1169,285,1,0,5,9,4,3,4,4,1efe63b1c515f3b2ea6aabb88b6d8311b769331d94867d85000032e680a38c91,Qwen/Qwen2.5-3B-Instruct,aa8e72537993ba99e69dfaafa59ed015b17504d1,36286467377
RESCS1C-C013:NONREL_CONTROL_HIGH,RESCS1C-C013,NONREL_CONTROL_HIGH,NON_RELATIONAL_CONTROL,HIGH,A,VALID,,B,False,1.0,33.75,32.75,1191,292,1,22,5,9,4,3,4,4,e51d0050df59d4d1023a174f8d0d1f3842c60d379dfa54119557203fbeddd3c4,Qwen/Qwen2.5-3B-Instruct,aa8e72537993ba99e69dfaafa59ed015b17504d1,36286467377
RESCS1C-C014:CODE_MAPPED_LOW,RESCS1C-C014,CODE_MAPPED_LOW,CODE_MAPPED,LOW,B,VALID,,B,True,1.0,37.75,38.75,781,195,1,115,2,3,0,1,1,1,6e8aa3f89b8405530566f60608a23585a593ec4589398902744b857f42d862d9,Qwen/Qwen2.5-3B-Instruct,aa8e72537993ba99e69dfaafa59ed015b17504d1,36286467377
RESCS1C-C014:NEUTRAL_LOW,RESCS1C-C014,NEUTRAL_LOW,NEUTRAL,LOW,B,VALID,,B,True,1.5,33.0,34.5,798,203,1,0,2,3,0,1,1,1,94d95653c12eadaacfa6e8ac83c252ce6ef5522225b8e18082acb08d08f8b134,Qwen/Qwen2.5-3B-Instruct,aa8e72537993ba99e69dfaafa59ed015b17504d1,36286467377
RESCS1C-C014:NEUTRAL_HIGH,RESCS1C-C014,NEUTRAL_HIGH,NEUTRAL,HIGH,B,VALID,,B,True,2.5,30.25,32.75,1181,285,3,0,5,9,4,3,4,4,4c7ad02aecdc558870a7f86c64e62e7cb2eae0951f13863cdff5316342becb0e,Qwen/Qwen2.5-3B-Instruct,aa8e72537993ba99e69dfaafa59ed015b17504d1,36286467377
RESCS1C-C014:NONREL_CONTROL_HIGH,RESCS1C-C014,NONREL_CONTROL_HIGH,NON_RELATIONAL_CONTROL,HIGH,B,VALID,,B,True,2.75,30.5,33.25,1203,292,1,22,5,9,4,3,4,4,80d572081aa4d79568b02ce2eaae23501c0881e4fdf99564efe4eeeaab28167c,Qwen/Qwen2.5-3B-Instruct,aa8e72537993ba99e69dfaafa59ed015b17504d1,36286467377
RESCS1C-C014:CODE_MAPPED_HIGH,RESCS1C-C014,CODE_MAPPED_HIGH,CODE_MAPPED,HIGH,B,VALID,,B,True,-0.5,35.75,35.25,1164,277,1,115,5,9,4,3,4,4,f55b716492915e7d91ca52f03072923529462fa8e078afba42e459cf4f6bcd98,Qwen/Qwen2.5-3B-Instruct,aa8e72537993ba99e69dfaafa59ed015b17504d1,36286467377
RESCS1C-C015:CODE_MAPPED_LOW,RESCS1C-C015,CODE_MAPPED_LOW,CODE_MAPPED,LOW,A,VALID,,B,False,-0.5,38.0,38.5,779,195,1,115,2,3,0,1,1,1,2ecb05a2c5bb646f457bb0556bd2baa3a85db273ddc06b55bc6b52853db210b0,Qwen/Qwen2.5-3B-Instruct,aa8e72537993ba99e69dfaafa59ed015b17504d1,36286467377
RESCS1C-C015:NEUTRAL_LOW,RESCS1C-C015,NEUTRAL_LOW,NEUTRAL,LOW,A,VALID,,B,False,-1.0,32.75,33.75,796,203,3,0,2,3,0,1,1,1,2dd5ae0f123054d55ed3250b09b36c900fe18686d1ad5587f8b319ec1ecf538f,Qwen/Qwen2.5-3B-Instruct,aa8e72537993ba99e69dfaafa59ed015b17504d1,36286467377
RESCS1C-C015:NEUTRAL_HIGH,RESCS1C-C015,NEUTRAL_HIGH,NEUTRAL,HIGH,A,VALID,,B,False,-1.875,31.125,33.0,1179,285,3,0,5,9,4,3,4,4,9e79920003d145055f0b7beaf55ffb97a34bf90d6964ec156b23f32837d91a67,Qwen/Qwen2.5-3B-Instruct,aa8e72537993ba99e69dfaafa59ed015b17504d1,36286467377
RESCS1C-C015:CODE_MAPPED_HIGH,RESCS1C-C015,CODE_MAPPED_HIGH,CODE_MAPPED,HIGH,A,VALID,,A,True,2.0,37.0,35.0,1162,277,1,115,5,9,4,3,4,4,84345ad59a369d545a6c8cd1b3422a5c528e1de180da3642ceb13a534cf07ba1,Qwen/Qwen2.5-3B-Instruct,aa8e72537993ba99e69dfaafa59ed015b17504d1,36286467377
RESCS1C-C015:NONREL_CONTROL_HIGH,RESCS1C-C015,NONREL_CONTROL_HIGH,NON_RELATIONAL_CONTROL,HIGH,A,VALID,,B,False,-2.25,30.75,33.0,1201,292,3,22,5,9,4,3,4,4,4150a322b9fd027d7aaadd9261831b567106df62386980a382fea6c34ae7aa88,Qwen/Qwen2.5-3B-Instruct,aa8e72537993ba99e69dfaafa59ed015b17504d1,36286467377
RESCS1C-C016:NEUTRAL_LOW,RESCS1C-C016,NEUTRAL_LOW,NEUTRAL,LOW,A,VALID,,A,True,-1.75,30.5,32.25,794,203,3,0,2,3,0,1,1,1,9a79fa6ebfd98d3e5f10e852aa0531a979e762d9a38989a51f6d677e25fcaffd,Qwen/Qwen2.5-3B-Instruct,aa8e72537993ba99e69dfaafa59ed015b17504d1,36286467377
RESCS1C-C016:NEUTRAL_HIGH,RESCS1C-C016,NEUTRAL_HIGH,NEUTRAL,HIGH,A,VALID,,B,False,-1.375,28.0,29.375,1177,285,3,0,5,9,4,3,4,4,d609fa898c0ec59ac64019cda5b797c356317d455bc293acb839e35c0eb0abd7,Qwen/Qwen2.5-3B-Instruct,aa8e72537993ba99e69dfaafa59ed015b17504d1,36286467377
RESCS1C-C016:CODE_MAPPED_HIGH,RESCS1C-C016,CODE_MAPPED_HIGH,CODE_MAPPED,HIGH,A,VALID,,B,False,0.5,35.5,35.0,1157,277,1,117,5,9,4,3,4,4,4cedfc38b788c0ff9209564623c61d0b9132d464b2559ccac4e9b57c04a7fcd5,Qwen/Qwen2.5-3B-Instruct,aa8e72537993ba99e69dfaafa59ed015b17504d1,36286467377
RESCS1C-C016:NONREL_CONTROL_HIGH,RESCS1C-C016,NONREL_CONTROL_HIGH,NON_RELATIONAL_CONTROL,HIGH,A,VALID,,B,False,-1.375,28.5,29.875,1199,292,3,22,5,9,4,3,4,4,12f41f3a16b9fef284c1aa3da51b1a6732d3838978e34f304d742bcda43a901c,Qwen/Qwen2.5-3B-Instruct,aa8e72537993ba99e69dfaafa59ed015b17504d1,36286467377
RESCS1C-C016:CODE_MAPPED_LOW,RESCS1C-C016,CODE_MAPPED_LOW,CODE_MAPPED,LOW,A,VALID,,B,False,-3.5,33.0,36.5,774,195,1,117,2,3,0,1,1,1,93d8dbc788b3558a79874648e033ef83238c446174033039916ee3aa332c9081,Qwen/Qwen2.5-3B-Instruct,aa8e72537993ba99e69dfaafa59ed015b17504d1,36286467377
RESCS1C-C017:NEUTRAL_HIGH,RESCS1C-C017,NEUTRAL_HIGH,NEUTRAL,HIGH,A,VALID,,B,False,-0.5,34.75,35.25,1178,284,1,0,5,9,4,3,4,4,498f5985d699cedefb27d8dcb70784a25190282ad8da2e46b4cc7273632a2991,Qwen/Qwen2.5-3B-Instruct,aa8e72537993ba99e69dfaafa59ed015b17504d1,36286467377
RESCS1C-C017:CODE_MAPPED_HIGH,RESCS1C-C017,CODE_MAPPED_HIGH,CODE_MAPPED,HIGH,A,VALID,,B,False,0.0,36.0,36.0,1161,276,1,115,5,9,4,3,4,4,19b6fe186fe57624485358dfa597f78af7cf8b62def31d0904693b4d39ab76e7,Qwen/Qwen2.5-3B-Instruct,aa8e72537993ba99e69dfaafa59ed015b17504d1,36286467377
RESCS1C-C017:NONREL_CONTROL_HIGH,RESCS1C-C017,NONREL_CONTROL_HIGH,NON_RELATIONAL_CONTROL,HIGH,A,VALID,,B,False,-2.0,33.75,35.75,1200,291,1,22,5,9,4,3,4,4,fc226bee6205ea4e77946d3ee1d49986f93dab20e0e4f0adc5d6bcddaacc5708,Qwen/Qwen2.5-3B-Instruct,aa8e72537993ba99e69dfaafa59ed015b17504d1,36286467377
RESCS1C-C017:CODE_MAPPED_LOW,RESCS1C-C017,CODE_MAPPED_LOW,CODE_MAPPED,LOW,A,VALID,,B,False,0.25,36.25,36.0,778,194,1,115,2,3,0,1,1,1,a3febbddcf0418dcafb651f620f7dda6d5a5401777ac3a17e3fa1b4bff6be17c,Qwen/Qwen2.5-3B-Instruct,aa8e72537993ba99e69dfaafa59ed015b17504d1,36286467377
RESCS1C-C017:NEUTRAL_LOW,RESCS1C-C017,NEUTRAL_LOW,NEUTRAL,LOW,A,VALID,,A,True,6.75,36.5,29.75,795,202,1,0,2,3,0,1,1,1,26e73987941371c2aa088f98ec1333bf460a15c7cefbca6dfd50eeb7f332fd50,Qwen/Qwen2.5-3B-Instruct,aa8e72537993ba99e69dfaafa59ed015b17504d1,36286467377
RESCS1C-C018:CODE_MAPPED_HIGH,RESCS1C-C018,CODE_MAPPED_HIGH,CODE_MAPPED,HIGH,A,VALID,,A,True,3.25,37.0,33.75,1156,276,1,117,5,9,4,3,4,4,bb758fc0493e7b757328ea91a2cf8b3c7091b81156aee9d3e2d1b4f59ba8b970,Qwen/Qwen2.5-3B-Instruct,aa8e72537993ba99e69dfaafa59ed015b17504d1,36286467377
RESCS1C-C018:NONREL_CONTROL_HIGH,RESCS1C-C018,NONREL_CONTROL_HIGH,NON_RELATIONAL_CONTROL,HIGH,A,VALID,,B,False,-2.0,32.0,34.0,1198,291,1,22,5,9,4,3,4,4,81bbb5720cb4001e487d3c837af098c3015ee7a12bd84e888fce11645da34a88,Qwen/Qwen2.5-3B-Instruct,aa8e72537993ba99e69dfaafa59ed015b17504d1,36286467377
RESCS1C-C018:CODE_MAPPED_LOW,RESCS1C-C018,CODE_MAPPED_LOW,CODE_MAPPED,LOW,A,VALID,,B,False,0.25,37.0,36.75,773,194,1,117,2,3,0,1,1,1,699bc4a3363d5661c6deb257399bd7b2510cdbe06638744ddedb6194a49e2071,Qwen/Qwen2.5-3B-Instruct,aa8e72537993ba99e69dfaafa59ed015b17504d1,36286467377
RESCS1C-C018:NEUTRAL_LOW,RESCS1C-C018,NEUTRAL_LOW,NEUTRAL,LOW,A,VALID,,B,False,-1.25,34.5,35.75,793,202,1,0,2,3,0,1,1,1,82b1e8f93d654853168d9616a49b6d02c0a6b39e151bc6735bf6ac6e151e5ce2,Qwen/Qwen2.5-3B-Instruct,aa8e72537993ba99e69dfaafa59ed015b17504d1,36286467377
RESCS1C-C018:NEUTRAL_HIGH,RESCS1C-C018,NEUTRAL_HIGH,NEUTRAL,HIGH,A,VALID,,B,False,-1.5,32.25,33.75,1176,284,1,0,5,9,4,3,4,4,09d2e804ae3f1b7988d61ab0df31396f0effd0c2bc641e29f4344449f44e2747,Qwen/Qwen2.5-3B-Instruct,aa8e72537993ba99e69dfaafa59ed015b17504d1,36286467377
RESCS1C-C019:NONREL_CONTROL_HIGH,RESCS1C-C019,NONREL_CONTROL_HIGH,NON_RELATIONAL_CONTROL,HIGH,B,VALID,,B,True,2.25,30.5,32.75,1200,291,1,22,5,9,4,3,4,4,5b35e6770ce8a1569079b1a57675ba38f966b2e25390dbfeba2621f7a017b2fe,Qwen/Qwen2.5-3B-Instruct,aa8e72537993ba99e69dfaafa59ed015b17504d1,36286467377
RESCS1C-C019:CODE_MAPPED_LOW,RESCS1C-C019,CODE_MAPPED_LOW,CODE_MAPPED,LOW,B,VALID,,B,True,-1.5,38.75,37.25,778,194,1,115,2,3,0,1,1,1,3db8e56a15f5e0109b72b0248cea11342fad4662549cd3869b4a299aeafbf179,Qwen/Qwen2.5-3B-Instruct,aa8e72537993ba99e69dfaafa59ed015b17504d1,36286467377
RESCS1C-C019:NEUTRAL_LOW,RESCS1C-C019,NEUTRAL_LOW,NEUTRAL,LOW,B,VALID,,B,True,2.75,30.75,33.5,795,202,1,0,2,3,0,1,1,1,b4b0b9d3478a6ba5d4011b4d871233402167139ef21b6ab008d95bc5ff2b1c6a,Qwen/Qwen2.5-3B-Instruct,aa8e72537993ba99e69dfaafa59ed015b17504d1,36286467377
RESCS1C-C019:NEUTRAL_HIGH,RESCS1C-C019,NEUTRAL_HIGH,NEUTRAL,HIGH,B,VALID,,B,True,2.25,30.0,32.25,1178,284,1,0,5,9,4,3,4,4,302563b75a4523cb1376f6fe4ca092a1b1da21b9307ae84a989be28835278147,Qwen/Qwen2.5-3B-Instruct,aa8e72537993ba99e69dfaafa59ed015b17504d1,36286467377
RESCS1C-C019:CODE_MAPPED_HIGH,RESCS1C-C019,CODE_MAPPED_HIGH,CODE_MAPPED,HIGH,B,VALID,,A,False,-3.25,37.25,34.0,1161,276,1,115,5,9,4,3,4,4,4c890d378d2ba42f95a81f40f877abd4ea2640887f2f057721513f6bf6d41c02,Qwen/Qwen2.5-3B-Instruct,aa8e72537993ba99e69dfaafa59ed015b17504d1,36286467377
RESCS1C-C020:NONREL_CONTROL_HIGH,RESCS1C-C020,NONREL_CONTROL_HIGH,NON_RELATIONAL_CONTROL,HIGH,B,VALID,,B,True,1.75,33.0,34.75,1200,291,1,22,5,9,4,3,4,4,0c29c3049bc677336d2d8098d5b8b5776e3cf4a74373bb8a7fb24b8ce45e3dc6,Qwen/Qwen2.5-3B-Instruct,aa8e72537993ba99e69dfaafa59ed015b17504d1,36286467377
RESCS1C-C020:CODE_MAPPED_HIGH,RESCS1C-C020,CODE_MAPPED_HIGH,CODE_MAPPED,HIGH,B,VALID,,B,True,2.0,33.5,35.5,1158,276,1,117,5,9,4,3,4,4,cd78749ee23d0b5f6df4aaba93c37b31fd04a4466de96d9085e46642b7b86973,Qwen/Qwen2.5-3B-Instruct,aa8e72537993ba99e69dfaafa59ed015b17504d1,36286467377
RESCS1C-C020:CODE_MAPPED_LOW,RESCS1C-C020,CODE_MAPPED_LOW,CODE_MAPPED,LOW,B,VALID,,B,True,4.25,33.25,37.5,775,194,1,117,2,3,0,1,1,1,5278cfe6ff539068e34a638b3340768050969177f681b2059345654acf012e68,Qwen/Qwen2.5-3B-Instruct,aa8e72537993ba99e69dfaafa59ed015b17504d1,36286467377
RESCS1C-C020:NEUTRAL_HIGH,RESCS1C-C020,NEUTRAL_HIGH,NEUTRAL,HIGH,B,VALID,,B,True,1.0,33.5,34.5,1178,284,1,0,5,9,4,3,4,4,dcf3c80adb1b999760618e8e27850863e23d56e6cb21183343b427654460cd5c,Qwen/Qwen2.5-3B-Instruct,aa8e72537993ba99e69dfaafa59ed015b17504d1,36286467377
RESCS1C-C020:NEUTRAL_LOW,RESCS1C-C020,NEUTRAL_LOW,NEUTRAL,LOW,B,VALID,,A,False,-3.0,38.0,35.0,795,202,1,0,2,3,0,1,1,1,6b0ce523fd81148b22d8b4ff12f34bccd3561cc46a9ab44f7d4790a19d181197,Qwen/Qwen2.5-3B-Instruct,aa8e72537993ba99e69dfaafa59ed015b17504d1,36286467377
RESCS1C-C021:CODE_MAPPED_HIGH,RESCS1C-C021,CODE_MAPPED_HIGH,CODE_MAPPED,HIGH,A,VALID,,A,True,3.25,36.75,33.5,1158,276,1,117,5,9,4,3,4,4,4a0cd91515a4ff2bed409522185d1bd8b4bd2e3a13910ada88294d926eb41a17,Qwen/Qwen2.5-3B-Instruct,aa8e72537993ba99e69dfaafa59ed015b17504d1,36324399210
RESCS1C-C021:CODE_MAPPED_LOW,RESCS1C-C021,CODE_MAPPED_LOW,CODE_MAPPED,LOW,A,VALID,,A,True,6.75,37.5,30.75,775,194,1,117,2,3,0,1,1,1,a5252c6408f27f0b89509dfed5631bfc3808eba348a47c5ef520cee87f0eb315,Qwen/Qwen2.5-3B-Instruct,aa8e72537993ba99e69dfaafa59ed015b17504d1,36324399210
RESCS1C-C021:NEUTRAL_HIGH,RESCS1C-C021,NEUTRAL_HIGH,NEUTRAL,HIGH,A,VALID,,B,False,-2.75,33.75,36.5,1178,284,1,0,5,9,4,3,4,4,7e5cd7afa9703477fee9f436a4855452fe740fbf3fb66e4451f6067851fef823,Qwen/Qwen2.5-3B-Instruct,aa8e72537993ba99e69dfaafa59ed015b17504d1,36324399210
RESCS1C-C021:NEUTRAL_LOW,RESCS1C-C021,NEUTRAL_LOW,NEUTRAL,LOW,A,VALID,,B,False,-2.5,34.0,36.5,795,202,1,0,2,3,0,1,1,1,50b02139d791515140b0f41b7968bdac9616ec6ecc035fc6c4146522575239f5,Qwen/Qwen2.5-3B-Instruct,aa8e72537993ba99e69dfaafa59ed015b17504d1,36324399210
RESCS1C-C021:NONREL_CONTROL_HIGH,RESCS1C-C021,NONREL_CONTROL_HIGH,NON_RELATIONAL_CONTROL,HIGH,A,VALID,,B,False,-3.5,32.75,36.25,1200,291,1,22,5,9,4,3,4,4,c04db688de4f60bc143066cc54791ea2e5002e66fdaf6ec097b062a47f093dd8,Qwen/Qwen2.5-3B-Instruct,aa8e72537993ba99e69dfaafa59ed015b17504d1,36324399210
RESCS1C-C022:CODE_MAPPED_LOW,RESCS1C-C022,CODE_MAPPED_LOW,CODE_MAPPED,LOW,A,VALID,,B,False,1.75,39.5,37.75,777,195,1,115,2,3,0,1,1,1,b0b664a089293702a3440833cc735d5063dfbd05f72e54be40a57bf1c8e7eb40,Qwen/Qwen2.5-3B-Instruct,aa8e72537993ba99e69dfaafa59ed015b17504d1,36324399210
RESCS1C-C022:NEUTRAL_HIGH,RESCS1C-C022,NEUTRAL_HIGH,NEUTRAL,HIGH,A,VALID,,A,True,-0.875,31.125,32.0,1177,285,3,0,5,9,4,3,4,4,991e898f86cab0b661b8c2154d1f7145422fee5572b4aea954d86af1abe73c6d,Qwen/Qwen2.5-3B-Instruct,aa8e72537993ba99e69dfaafa59ed015b17504d1,36324399210
RESCS1C-C022:NEUTRAL_LOW,RESCS1C-C022,NEUTRAL_LOW,NEUTRAL,LOW,A,VALID,,A,True,-0.875,30.75,31.625,794,203,3,0,2,3,0,1,1,1,69ef62c7961a1674b175d755311c206d659c68c4275b5f75a429f77293b8de7e,Qwen/Qwen2.5-3B-Instruct,aa8e72537993ba99e69dfaafa59ed015b17504d1,36324399210
RESCS1C-C022:NONREL_CONTROL_HIGH,RESCS1C-C022,NONREL_CONTROL_HIGH,NON_RELATIONAL_CONTROL,HIGH,A,VALID,,B,False,-0.875,31.125,32.0,1199,292,1,22,5,9,4,3,4,4,6cd967e16e027098bbe5e4cb45750375bdc0dddf24c48397c08a20301e82c268,Qwen/Qwen2.5-3B-Instruct,aa8e72537993ba99e69dfaafa59ed015b17504d1,36324399210
RESCS1C-C022:CODE_MAPPED_HIGH,RESCS1C-C022,CODE_MAPPED_HIGH,CODE_MAPPED,HIGH,A,VALID,,A,True,2.75,36.5,33.75,1160,277,1,115,5,9,4,3,4,4,6d1d514486be9903d505ffb209d84a9db325988c39e854e034da626f4edfa6e2,Qwen/Qwen2.5-3B-Instruct,aa8e72537993ba99e69dfaafa59ed015b17504d1,36324399210
RESCS1C-C023:NEUTRAL_HIGH,RESCS1C-C023,NEUTRAL_HIGH,NEUTRAL,HIGH,B,VALID,,B,True,1.5,32.25,33.75,1178,284,1,0,5,9,4,3,4,4,7242196c01893bc31c9eee92d4803a00f28f0acde30ddca754cb01ff60551989,Qwen/Qwen2.5-3B-Instruct,aa8e72537993ba99e69dfaafa59ed015b17504d1,36324399210
RESCS1C-C023:NEUTRAL_LOW,RESCS1C-C023,NEUTRAL_LOW,NEUTRAL,LOW,B,VALID,,B,True,2.375,31.625,34.0,795,202,3,0,2,3,0,1,1,1,5b0fc6aaaf25af8e79d7ffb8bd2bd578b220b0c5101baa8402f96fb1c270ebcd,Qwen/Qwen2.5-3B-Instruct,aa8e72537993ba99e69dfaafa59ed015b17504d1,36324399210
RESCS1C-C023:NONREL_CONTROL_HIGH,RESCS1C-C023,NONREL_CONTROL_HIGH,NON_RELATIONAL_CONTROL,HIGH,B,VALID,,B,True,1.875,31.875,33.75,1200,291,1,22,5,9,4,3,4,4,af36a56e66b6182bc5268d8add60a22d56280ae8beaeccee8bb27f8b09b21b22,Qwen/Qwen2.5-3B-Instruct,aa8e72537993ba99e69dfaafa59ed015b17504d1,36324399210
RESCS1C-C023:CODE_MAPPED_HIGH,RESCS1C-C023,CODE_MAPPED_HIGH,CODE_MAPPED,HIGH,B,VALID,,B,True,1.25,34.5,35.75,1161,276,1,115,5,9,4,3,4,4,ef1d5d61318cb9855cdd76986b1c5dcf5fe652909afdbaf495f78089b5abfadc,Qwen/Qwen2.5-3B-Instruct,aa8e72537993ba99e69dfaafa59ed015b17504d1,36324399210
RESCS1C-C023:CODE_MAPPED_LOW,RESCS1C-C023,CODE_MAPPED_LOW,CODE_MAPPED,LOW,B,VALID,,B,True,3.5,34.25,37.75,778,194,1,115,2,3,0,1,1,1,40c0c08cd2622cd1081e2622c4e456ead63b1875c19bf2c6b59562e46cfc4f52,Qwen/Qwen2.5-3B-Instruct,aa8e72537993ba99e69dfaafa59ed015b17504d1,36324399210
RESCS1C-C024:NEUTRAL_LOW,RESCS1C-C024,NEUTRAL_LOW,NEUTRAL,LOW,A,VALID,,A,True,2.25,37.5,35.25,785,202,1,0,2,3,0,1,1,1,7666e17f3483ad40f8215c6f19509547896e4c11cb79641bc98e75574fce905c,Qwen/Qwen2.5-3B-Instruct,aa8e72537993ba99e69dfaafa59ed015b17504d1,36286467377
RESCS1C-C024:NONREL_CONTROL_HIGH,RESCS1C-C024,NONREL_CONTROL_HIGH,NON_RELATIONAL_CONTROL,HIGH,A,VALID,,B,False,1.0,33.75,32.75,1190,291,1,22,5,9,4,3,4,4,8de4e5ccd4920aca24fed888c7e1b745191ede25ace6b4d3028ea5fe047df20b,Qwen/Qwen2.5-3B-Instruct,aa8e72537993ba99e69dfaafa59ed015b17504d1,36286467377
RESCS1C-C024:CODE_MAPPED_HIGH,RESCS1C-C024,CODE_MAPPED_HIGH,CODE_MAPPED,HIGH,A,VALID,,A,True,4.25,38.0,33.75,1151,276,1,115,5,9,4,3,4,4,8711d70d2e8b1c2934a393ad4626ed74c9e84960539d25c77b18da70e8a2737b,Qwen/Qwen2.5-3B-Instruct,aa8e72537993ba99e69dfaafa59ed015b17504d1,36286467377
RESCS1C-C024:CODE_MAPPED_LOW,RESCS1C-C024,CODE_MAPPED_LOW,CODE_MAPPED,LOW,A,VALID,,B,False,1.75,39.25,37.5,768,194,1,115,2,3,0,1,1,1,a7557e554811b849b1240eebcd25c194fa220a23291bbe85a5bed25156963d28,Qwen/Qwen2.5-3B-Instruct,aa8e72537993ba99e69dfaafa59ed015b17504d1,36286467377
RESCS1C-C024:NEUTRAL_HIGH,RESCS1C-C024,NEUTRAL_HIGH,NEUTRAL,HIGH,A,VALID,,B,False,1.5,33.75,32.25,1168,284,1,0,5,9,4,3,4,4,6bdb3750c4bab9ec004c64173e5ed08ac81d7932021c6cc5e6780437a090fcec,Qwen/Qwen2.5-3B-Instruct,aa8e72537993ba99e69dfaafa59ed015b17504d1,36286467377
RESCS1C-C025:NONREL_CONTROL_HIGH,RESCS1C-C025,NONREL_CONTROL_HIGH,NON_RELATIONAL_CONTROL,HIGH,B,VALID,,B,True,0.0,32.5,32.5,1201,292,1,22,5,9,4,3,4,4,8fdfa30f4f6701429db0cc875e1dcc689278ec599f87822a29364427f3beebad,Qwen/Qwen2.5-3B-Instruct,aa8e72537993ba99e69dfaafa59ed015b17504d1,36286467377
RESCS1C-C025:CODE_MAPPED_LOW,RESCS1C-C025,CODE_MAPPED_LOW,CODE_MAPPED,LOW,B,VALID,,B,True,8.0,32.5,40.5,779,195,1,115,2,3,0,1,1,1,f37bae09d36de21f9334f8b0f710bd0d0340f4d1639b0cbf17cb26bdb7b07fdf,Qwen/Qwen2.5-3B-Instruct,aa8e72537993ba99e69dfaafa59ed015b17504d1,36286467377
RESCS1C-C025:NEUTRAL_LOW,RESCS1C-C025,NEUTRAL_LOW,NEUTRAL,LOW,B,VALID,,A,False,-7.625,39.0,31.375,796,203,1,0,2,3,0,1,1,1,e2fd0aa31b0eab09c9ede9e1c27ddaa2ba28e620fbee45cc01fb91988dd9532d,Qwen/Qwen2.5-3B-Instruct,aa8e72537993ba99e69dfaafa59ed015b17504d1,36286467377
RESCS1C-C025:NEUTRAL_HIGH,RESCS1C-C025,NEUTRAL_HIGH,NEUTRAL,HIGH,B,VALID,,A,False,-2.625,34.5,31.875,1179,285,1,0,5,9,4,3,4,4,ade87cca22ff4a6666cba6a1a3549ae2c072a821f15f3454c6c560c4f2e4290a,Qwen/Qwen2.5-3B-Instruct,aa8e72537993ba99e69dfaafa59ed015b17504d1,36286467377
RESCS1C-C025:CODE_MAPPED_HIGH,RESCS1C-C025,CODE_MAPPED_HIGH,CODE_MAPPED,HIGH,B,VALID,,B,True,4.25,32.5,36.75,1162,277,1,115,5,9,4,3,4,4,7392c15a2900a93cc40d3d7764043bdef24c6d81dfea8fa62a5ce9deebad1168,Qwen/Qwen2.5-3B-Instruct,aa8e72537993ba99e69dfaafa59ed015b17504d1,36286467377
RESCS1C-C026:CODE_MAPPED_LOW,RESCS1C-C026,CODE_MAPPED_LOW,CODE_MAPPED,LOW,B,VALID,,B,True,12.0,29.0,41.0,769,195,1,115,2,3,0,1,1,1,6fec1a6d952cbb19c237f59f9c49a05be3b06ae5b7c2615812717df9730c4343,Qwen/Qwen2.5-3B-Instruct,aa8e72537993ba99e69dfaafa59ed015b17504d1,36286467377
RESCS1C-C026:NEUTRAL_LOW,RESCS1C-C026,NEUTRAL_LOW,NEUTRAL,LOW,B,VALID,,B,True,6.5,31.25,37.75,786,203,1,0,2,3,0,1,1,1,5c0136ec83dd84afbf9ef59ba523d18c506c0993fc14bf78389e57ee0d32fb01,Qwen/Qwen2.5-3B-Instruct,aa8e72537993ba99e69dfaafa59ed015b17504d1,36286467377
RESCS1C-C026:NEUTRAL_HIGH,RESCS1C-C026,NEUTRAL_HIGH,NEUTRAL,HIGH,B,VALID,,B,True,6.75,29.75,36.5,1169,285,1,0,5,9,4,3,4,4,1d7d40a313dc427a92f903943f60975d73dc8eafddc14e355dea33d16a14b6d2,Qwen/Qwen2.5-3B-Instruct,aa8e72537993ba99e69dfaafa59ed015b17504d1,36286467377
RESCS1C-C026:CODE_MAPPED_HIGH,RESCS1C-C026,CODE_MAPPED_HIGH,CODE_MAPPED,HIGH,B,VALID,,B,True,10.125,28.875,39.0,1152,277,1,115,5,9,4,3,4,4,279a049cab4465702770a601971c141b84f71999ef6d0d6921e72b901c7b6bb2,Qwen/Qwen2.5-3B-Instruct,aa8e72537993ba99e69dfaafa59ed015b17504d1,36286467377
RESCS1C-C026:NONREL_CONTROL_HIGH,RESCS1C-C026,NONREL_CONTROL_HIGH,NON_RELATIONAL_CONTROL,HIGH,B,VALID,,B,True,5.875,30.625,36.5,1191,292,1,22,5,9,4,3,4,4,eeb1d4621027f734c775c0090a9de5188c2c2cef01cceff2fc6e895a565839f4,Qwen/Qwen2.5-3B-Instruct,aa8e72537993ba99e69dfaafa59ed015b17504d1,36286467377
RESCS1C-C027:NEUTRAL_LOW,RESCS1C-C027,NEUTRAL_LOW,NEUTRAL,LOW,B,VALID,,B,True,-0.75,34.5,33.75,796,203,1,0,2,3,0,1,1,1,6874a0d982a6201e1d3ae4232bfe109edd9eb6d4a3e128d2fb1c712b0bd40cb3,Qwen/Qwen2.5-3B-Instruct,aa8e72537993ba99e69dfaafa59ed015b17504d1,36286467377
RESCS1C-C027:NEUTRAL_HIGH,RESCS1C-C027,NEUTRAL_HIGH,NEUTRAL,HIGH,B,VALID,,A,False,-2.25,32.75,30.5,1179,285,3,0,5,9,4,3,4,4,6f7faea821dc3daa69b99cbcb7cf4fc98e85c7c9a5cd320e188f70e1d8a55c6e,Qwen/Qwen2.5-3B-Instruct,aa8e72537993ba99e69dfaafa59ed015b17504d1,36286467377
RESCS1C-C027:CODE_MAPPED_HIGH,RESCS1C-C027,CODE_MAPPED_HIGH,CODE_MAPPED,HIGH,B,VALID,,B,True,6.875,31.625,38.5,1159,277,1,117,5,9,4,3,4,4,24bd073c1dbbeeed64310fca1f881777a384b19da88325b62ec9a9665aa08669,Qwen/Qwen2.5-3B-Instruct,aa8e72537993ba99e69dfaafa59ed015b17504d1,36286467377
RESCS1C-C027:NONREL_CONTROL_HIGH,RESCS1C-C027,NONREL_CONTROL_HIGH,NON_RELATIONAL_CONTROL,HIGH,B,VALID,,B,True,-1.375,32.75,31.375,1201,292,1,22,5,9,4,3,4,4,ac2b2bd1f0a6566036837d07d928279aeef6db5f0591a85fb13c883a0b7da82a,Qwen/Qwen2.5-3B-Instruct,aa8e72537993ba99e69dfaafa59ed015b17504d1,36286467377
RESCS1C-C027:CODE_MAPPED_LOW,RESCS1C-C027,CODE_MAPPED_LOW,CODE_MAPPED,LOW,B,VALID,,B,True,5.25,33.75,39.0,776,195,1,117,2,3,0,1,1,1,f34a38a3ecd289a51683e0d985cc696ac0c65b774abf4adeab6e5c34b3779f3d,Qwen/Qwen2.5-3B-Instruct,aa8e72537993ba99e69dfaafa59ed015b17504d1,36286467377
RESCS1C-C028:NEUTRAL_HIGH,RESCS1C-C028,NEUTRAL_HIGH,NEUTRAL,HIGH,A,VALID,,B,False,-0.5,33.5,34.0,1178,284,1,0,5,9,4,3,4,4,ab2620788885818a47bb154d848807e58ebdf8057a13f80741e1f6b92b449716,Qwen/Qwen2.5-3B-Instruct,aa8e72537993ba99e69dfaafa59ed015b17504d1,36286467377
RESCS1C-C028:CODE_MAPPED_HIGH,RESCS1C-C028,CODE_MAPPED_HIGH,CODE_MAPPED,HIGH,A,VALID,,B,False,-0.25,34.75,35.0,1158,276,1,117,5,9,4,3,4,4,7cb29eae87ad92b9dbfbf3ec05a776ff2acba74d434c27fcf8908b5466ab3f06,Qwen/Qwen2.5-3B-Instruct,aa8e72537993ba99e69dfaafa59ed015b17504d1,36286467377
RESCS1C-C028:NONREL_CONTROL_HIGH,RESCS1C-C028,NONREL_CONTROL_HIGH,NON_RELATIONAL_CONTROL,HIGH,A,VALID,,B,False,-0.5,33.0,33.5,1200,291,1,22,5,9,4,3,4,4,afc6ee445be26c6c326d4f94e036e4bc7e2eae573a37a2a61c18c812a861d548,Qwen/Qwen2.5-3B-Instruct,aa8e72537993ba99e69dfaafa59ed015b17504d1,36286467377
RESCS1C-C028:CODE_MAPPED_LOW,RESCS1C-C028,CODE_MAPPED_LOW,CODE_MAPPED,LOW,A,VALID,,B,False,-3.25,34.25,37.5,775,194,1,117,2,3,0,1,1,1,d1054221abbbe7e3c3a4d925ab0a802150cde81618b4696bed994e7ae1142797,Qwen/Qwen2.5-3B-Instruct,aa8e72537993ba99e69dfaafa59ed015b17504d1,36286467377
RESCS1C-C028:NEUTRAL_LOW,RESCS1C-C028,NEUTRAL_LOW,NEUTRAL,LOW,A,VALID,,B,False,-0.75,35.0,35.75,795,202,1,0,2,3,0,1,1,1,bd12cb45d8372cef86539ac28c5345261627c767790d6a10228d212ebc01639a,Qwen/Qwen2.5-3B-Instruct,aa8e72537993ba99e69dfaafa59ed015b17504d1,36286467377
RESCS1C-C029:CODE_MAPPED_HIGH,RESCS1C-C029,CODE_MAPPED_HIGH,CODE_MAPPED,HIGH,B,VALID,,B,True,0.0,34.5,34.5,1158,276,1,117,5,9,4,3,4,4,db2deef1d4ec410cf55a19553b6d6c4145403fdae33026e9218d35fd034f0fc2,Qwen/Qwen2.5-3B-Instruct,aa8e72537993ba99e69dfaafa59ed015b17504d1,36286467377
RESCS1C-C029:NONREL_CONTROL_HIGH,RESCS1C-C029,NONREL_CONTROL_HIGH,NON_RELATIONAL_CONTROL,HIGH,B,VALID,,B,True,0.75,32.75,33.5,1200,291,1,22,5,9,4,3,4,4,e2ea630c88d1c729c9e2445e25a75d9dad410dc33b324df14ec58531eff7590e,Qwen/Qwen2.5-3B-Instruct,aa8e72537993ba99e69dfaafa59ed015b17504d1,36286467377
RESCS1C-C029:CODE_MAPPED_LOW,RESCS1C-C029,CODE_MAPPED_LOW,CODE_MAPPED,LOW,B,VALID,,B,True,1.75,33.5,35.25,775,194,1,117,2,3,0,1,1,1,2b218df686052b811a6dc58311397281766408485000c91916ee892bbda3ac08,Qwen/Qwen2.5-3B-Instruct,aa8e72537993ba99e69dfaafa59ed015b17504d1,36286467377
RESCS1C-C029:NEUTRAL_LOW,RESCS1C-C029,NEUTRAL_LOW,NEUTRAL,LOW,B,VALID,,B,True,1.0,34.5,35.5,795,202,1,0,2,3,0,1,1,1,8cc800c7fad19261647237844de4c82b4f07faf7ac9d4c593f6115e16df8c732,Qwen/Qwen2.5-3B-Instruct,aa8e72537993ba99e69dfaafa59ed015b17504d1,36286467377
RESCS1C-C029:NEUTRAL_HIGH,RESCS1C-C029,NEUTRAL_HIGH,NEUTRAL,HIGH,B,VALID,,B,True,-0.25,33.5,33.25,1178,284,1,0,5,9,4,3,4,4,ec736317dd2600f0ddaec0beb6bb4e6fa702a6bad4d4cab7bff4abdf5c3bc8b4,Qwen/Qwen2.5-3B-Instruct,aa8e72537993ba99e69dfaafa59ed015b17504d1,36286467377
RESCS1C-C030:CODE_MAPPED_LOW,RESCS1C-C030,CODE_MAPPED_LOW,CODE_MAPPED,LOW,B,VALID,,B,True,11.75,28.25,40.0,766,195,1,117,2,3,0,1,1,1,4c5e350dc1075bc86c3b45d15ae8c2a410df829dae4243ad4b5cbfd6e357bca7,Qwen/Qwen2.5-3B-Instruct,aa8e72537993ba99e69dfaafa59ed015b17504d1,36286467377
RESCS1C-C030:CODE_MAPPED_HIGH,RESCS1C-C030,CODE_MAPPED_HIGH,CODE_MAPPED,HIGH,B,VALID,,B,True,10.75,28.75,39.5,1149,277,1,117,5,9,4,3,4,4,d0f3205ac4955350f715600707eb8cf3f3c4ccbf5f75dcfb76453a8cd0a14623,Qwen/Qwen2.5-3B-Instruct,aa8e72537993ba99e69dfaafa59ed015b17504d1,36286467377
RESCS1C-C030:NEUTRAL_LOW,RESCS1C-C030,NEUTRAL_LOW,NEUTRAL,LOW,B,VALID,,B,True,8.75,28.25,37.0,786,203,1,0,2,3,0,1,1,1,fa9888ef7835cee1616d4318cb7f199852f7a4d78e2e6b535a4a3cc041c55cc4,Qwen/Qwen2.5-3B-Instruct,aa8e72537993ba99e69dfaafa59ed015b17504d1,36286467377
RESCS1C-C030:NONREL_CONTROL_HIGH,RESCS1C-C030,NONREL_CONTROL_HIGH,NON_RELATIONAL_CONTROL,HIGH,B,VALID,,B,True,6.75,28.75,35.5,1191,292,1,22,5,9,4,3,4,4,76ef8b179e39b48f423fef4e3022d0da9dde476398e4cb496a5233d2c3017ba6,Qwen/Qwen2.5-3B-Instruct,aa8e72537993ba99e69dfaafa59ed015b17504d1,36286467377
RESCS1C-C030:NEUTRAL_HIGH,RESCS1C-C030,NEUTRAL_HIGH,NEUTRAL,HIGH,B,VALID,,B,True,8.0,28.25,36.25,1169,285,1,0,5,9,4,3,4,4,1debc326b0be67d7b6deeca107ac7c97b006dc2761a58826dda840afbcfdd0ab,Qwen/Qwen2.5-3B-Instruct,aa8e72537993ba99e69dfaafa59ed015b17504d1,36286467377
RESCS1C-C031:CODE_MAPPED_HIGH,RESCS1C-C031,CODE_MAPPED_HIGH,CODE_MAPPED,HIGH,A,VALID,,A,True,5.75,39.25,33.5,1148,276,1,117,5,9,4,3,4,4,6f7fef359144b98438870edf65de669f2e74ad6712c0579c92e237ae4fe36261,Qwen/Qwen2.5-3B-Instruct,aa8e72537993ba99e69dfaafa59ed015b17504d1,36286467377
RESCS1C-C031:NEUTRAL_LOW,RESCS1C-C031,NEUTRAL_LOW,NEUTRAL,LOW,A,VALID,,A,True,3.5,37.75,34.25,785,202,1,0,2,3,0,1,1,1,7c68c7b4458492dbbabfa09ee72943e75aab72a8fa4f7011d8209a6c7f1f9242,Qwen/Qwen2.5-3B-Instruct,aa8e72537993ba99e69dfaafa59ed015b17504d1,36286467377
RESCS1C-C031:NONREL_CONTROL_HIGH,RESCS1C-C031,NONREL_CONTROL_HIGH,NON_RELATIONAL_CONTROL,HIGH,A,VALID,,A,True,2.75,33.75,31.0,1190,291,1,22,5,9,4,3,4,4,656f38204c916c68a11085693727e4ee529fadcc465d7afbc1c5fe70046cc00a,Qwen/Qwen2.5-3B-Instruct,aa8e72537993ba99e69dfaafa59ed015b17504d1,36286467377
RESCS1C-C031:NEUTRAL_HIGH,RESCS1C-C031,NEUTRAL_HIGH,NEUTRAL,HIGH,A,VALID,,A,True,3.0,34.5,31.5,1168,284,1,0,5,9,4,3,4,4,6bb1bb08b48e965ae689c6f4eaccd198b95528cc868a83de649ae9de68646dc6,Qwen/Qwen2.5-3B-Instruct,aa8e72537993ba99e69dfaafa59ed015b17504d1,36286467377
RESCS1C-C031:CODE_MAPPED_LOW,RESCS1C-C031,CODE_MAPPED_LOW,CODE_MAPPED,LOW,A,VALID,,A,True,3.75,40.25,36.5,765,194,1,117,2,3,0,1,1,1,9d71b2d0f6c1cefecf885d80496d13df7999dd2289c006708c8ee7d82c72016a,Qwen/Qwen2.5-3B-Instruct,aa8e72537993ba99e69dfaafa59ed015b17504d1,36286467377
RESCS1C-C032:NEUTRAL_LOW,RESCS1C-C032,NEUTRAL_LOW,NEUTRAL,LOW,B,VALID,,A,False,-3.0,38.25,35.25,796,203,1,0,2,3,0,1,1,1,71488d6bfeea21a6bdd1ac92a3001ebea27e73e0ea9b11dc913b64a879d6fb44,Qwen/Qwen2.5-3B-Instruct,aa8e72537993ba99e69dfaafa59ed015b17504d1,36286467377
RESCS1C-C032:NONREL_CONTROL_HIGH,RESCS1C-C032,NONREL_CONTROL_HIGH,NON_RELATIONAL_CONTROL,HIGH,B,VALID,,B,True,1.0,32.5,33.5,1201,292,1,22,5,9,4,3,4,4,b5114ec488b640190f0cdfe4a6c9d42349c65e637e9cbd89498b32b7635c8aa2,Qwen/Qwen2.5-3B-Instruct,aa8e72537993ba99e69dfaafa59ed015b17504d1,36286467377
RESCS1C-C032:NEUTRAL_HIGH,RESCS1C-C032,NEUTRAL_HIGH,NEUTRAL,HIGH,B,VALID,,B,True,-0.25,33.75,33.5,1179,285,1,0,5,9,4,3,4,4,5f34ea3fe20a76968ff98ec4bc9dbb69407b5a94932bf8247107f560c68330c7,Qwen/Qwen2.5-3B-Instruct,aa8e72537993ba99e69dfaafa59ed015b17504d1,36286467377
RESCS1C-C032:CODE_MAPPED_LOW,RESCS1C-C032,CODE_MAPPED_LOW,CODE_MAPPED,LOW,B,VALID,,B,True,5.25,32.5,37.75,776,195,1,117,2,3,0,1,1,1,67406f24b259c6cede227854941005df96ca4384cc7a7fd6e717f02e1375bf08,Qwen/Qwen2.5-3B-Instruct,aa8e72537993ba99e69dfaafa59ed015b17504d1,36286467377
RESCS1C-C032:CODE_MAPPED_HIGH,RESCS1C-C032,CODE_MAPPED_HIGH,CODE_MAPPED,HIGH,B,VALID,,B,True,2.5,33.75,36.25,1159,277,1,117,5,9,4,3,4,4,fea170f25298ae6155c45fc92a7f9c11dbc03eaf31795482c7e4450d2282f78d,Qwen/Qwen2.5-3B-Instruct,aa8e72537993ba99e69dfaafa59ed015b17504d1,36286467377
RESCS1C-C033:NONREL_CONTROL_HIGH,RESCS1C-C033,NONREL_CONTROL_HIGH,NON_RELATIONAL_CONTROL,HIGH,A,VALID,,B,False,-1.75,30.25,32.0,1200,291,1,22,5,9,4,3,4,4,006fd13a1735898a174c332e74444a090d32ee46646584cc5d4a59a7447514a0,Qwen/Qwen2.5-3B-Instruct,aa8e72537993ba99e69dfaafa59ed015b17504d1,36286467377
RESCS1C-C033:NEUTRAL_HIGH,RESCS1C-C033,NEUTRAL_HIGH,NEUTRAL,HIGH,A,VALID,,B,False,-1.875,29.875,31.75,1178,284,3,0,5,9,4,3,4,4,2dbd5c23e3749ee3329f9f399826a9a5af36412094be56b7185e5a428c459c68,Qwen/Qwen2.5-3B-Instruct,aa8e72537993ba99e69dfaafa59ed015b17504d1,36286467377
RESCS1C-C033:CODE_MAPPED_LOW,RESCS1C-C033,CODE_MAPPED_LOW,CODE_MAPPED,LOW,A,VALID,,B,False,1.5,38.0,36.5,778,194,1,115,2,3,0,1,1,1,e52c047c792734405d5f11a2e9d5d91fd516ea1cecb0cb43c82e52c9b0caf7c3,Qwen/Qwen2.5-3B-Instruct,aa8e72537993ba99e69dfaafa59ed015b17504d1,36286467377
RESCS1C-C033:CODE_MAPPED_HIGH,RESCS1C-C033,CODE_MAPPED_HIGH,CODE_MAPPED,HIGH,A,VALID,,A,True,4.75,37.75,33.0,1161,276,1,115,5,9,4,3,4,4,d479f10311c38414bd06f22a6f5dd8ef5bb41e1429aad471d683133e148c065a,Qwen/Qwen2.5-3B-Instruct,aa8e72537993ba99e69dfaafa59ed015b17504d1,36286467377
RESCS1C-C033:NEUTRAL_LOW,RESCS1C-C033,NEUTRAL_LOW,NEUTRAL,LOW,A,VALID,,B,False,0.0,34.0,34.0,795,202,1,0,2,3,0,1,1,1,a1897694e917f5341ecbfad7032c5519814a321693ed843fafa7ea25bccfb1f0,Qwen/Qwen2.5-3B-Instruct,aa8e72537993ba99e69dfaafa59ed015b17504d1,36286467377
RESCS1C-C034:NEUTRAL_HIGH,RESCS1C-C034,NEUTRAL_HIGH,NEUTRAL,HIGH,A,VALID,,B,False,-0.75,33.0,33.75,1179,285,1,0,5,9,4,3,4,4,ca8513b0795b4fa024e2d1cd4ddaa52fd0b9214258c2b6c2fc33dd064ae2df80,Qwen/Qwen2.5-3B-Instruct,aa8e72537993ba99e69dfaafa59ed015b17504d1,36286467377
RESCS1C-C034:CODE_MAPPED_LOW,RESCS1C-C034,CODE_MAPPED_LOW,CODE_MAPPED,LOW,A,VALID,,B,False,-3.5,33.75,37.25,776,195,1,117,2,3,0,1,1,1,6a9dfdbfebc064d21bc32f7d16abdc9a73327ecd3a0f9c1a6234229c67755640,Qwen/Qwen2.5-3B-Instruct,aa8e72537993ba99e69dfaafa59ed015b17504d1,36286467377
RESCS1C-C034:CODE_MAPPED_HIGH,RESCS1C-C034,CODE_MAPPED_HIGH,CODE_MAPPED,HIGH,A,VALID,,B,False,0.0,34.75,34.75,1159,277,1,117,5,9,4,3,4,4,1975d4ba8930c735227f1cd926bedd41dbacca41a6db15aa31bb148d800ad360,Qwen/Qwen2.5-3B-Instruct,aa8e72537993ba99e69dfaafa59ed015b17504d1,36286467377
RESCS1C-C034:NEUTRAL_LOW,RESCS1C-C034,NEUTRAL_LOW,NEUTRAL,LOW,A,VALID,,B,False,-1.5,33.0,34.5,796,203,1,0,2,3,0,1,1,1,3ae9b34aa70c4c1f8043e5bb56cb54b7aa5117d6d0d73dd80d595d23bf38f240,Qwen/Qwen2.5-3B-Instruct,aa8e72537993ba99e69dfaafa59ed015b17504d1,36286467377
RESCS1C-C034:NONREL_CONTROL_HIGH,RESCS1C-C034,NONREL_CONTROL_HIGH,NON_RELATIONAL_CONTROL,HIGH,A,VALID,,B,False,-0.75,32.25,33.0,1201,292,1,22,5,9,4,3,4,4,9ad21caa63dc21182d4557f33f4cfbf30c7fff0d50ab2670a422bb7175980d20,Qwen/Qwen2.5-3B-Instruct,aa8e72537993ba99e69dfaafa59ed015b17504d1,36286467377
RESCS1C-C035:NONREL_CONTROL_HIGH,RESCS1C-C035,NONREL_CONTROL_HIGH,NON_RELATIONAL_CONTROL,HIGH,A,VALID,,A,True,6.25,36.5,30.25,1210,291,1,22,5,9,4,3,4,4,3e44b28f34864c9bffa6536127c175228b66abb60f72e583f7b6bdbb88446d07,Qwen/Qwen2.5-3B-Instruct,aa8e72537993ba99e69dfaafa59ed015b17504d1,36286467377
RESCS1C-C035:CODE_MAPPED_LOW,RESCS1C-C035,CODE_MAPPED_LOW,CODE_MAPPED,LOW,A,VALID,,A,True,12.0,39.5,27.5,788,194,1,115,2,3,0,1,1,1,ebe8695251f49d6e621413a8fb3f9495a9023bd24bf194048e3a376caec17dd0,Qwen/Qwen2.5-3B-Instruct,aa8e72537993ba99e69dfaafa59ed015b17504d1,36286467377
RESCS1C-C035:NEUTRAL_LOW,RESCS1C-C035,NEUTRAL_LOW,NEUTRAL,LOW,A,VALID,,A,True,11.625,38.25,26.625,805,202,1,0,2,3,0,1,1,1,d2cfdf3863a131aa03df1cdbf7a431f25638d048b6f8d8f9741b6385d7b0d177,Qwen/Qwen2.5-3B-Instruct,aa8e72537993ba99e69dfaafa59ed015b17504d1,36286467377
RESCS1C-C035:CODE_MAPPED_HIGH,RESCS1C-C035,CODE_MAPPED_HIGH,CODE_MAPPED,HIGH,A,VALID,,A,True,9.0,37.25,28.25,1171,276,1,115,5,9,4,3,4,4,33eeb7cfcbdfd3da6f232bacdc151b14e8dc0034111a169768477daa35e7a177,Qwen/Qwen2.5-3B-Instruct,aa8e72537993ba99e69dfaafa59ed015b17504d1,36286467377
RESCS1C-C035:NEUTRAL_HIGH,RESCS1C-C035,NEUTRAL_HIGH,NEUTRAL,HIGH,A,VALID,,A,True,8.5,37.5,29.0,1188,284,1,0,5,9,4,3,4,4,32479ffb4c72646713fd0d782e52e0eb575093abc4638f508f834847cc37f392,Qwen/Qwen2.5-3B-Instruct,aa8e72537993ba99e69dfaafa59ed015b17504d1,36286467377
RESCS1C-C036:CODE_MAPPED_LOW,RESCS1C-C036,CODE_MAPPED_LOW,CODE_MAPPED,LOW,B,VALID,,B,True,2.25,32.25,34.5,776,195,3,117,2,3,0,1,1,1,a748072f49a40e72cfdb7bd16da155565ef3c61858099f3101af31cf0b4f74df,Qwen/Qwen2.5-3B-Instruct,aa8e72537993ba99e69dfaafa59ed015b17504d1,36286467377
RESCS1C-C036:NEUTRAL_LOW,RESCS1C-C036,NEUTRAL_LOW,NEUTRAL,LOW,B,VALID,,B,True,1.5,33.25,34.75,796,203,1,0,2,3,0,1,1,1,a07752b699b188e0ab3a1daf8635ba144de775adedf415d494548e2d58df4987,Qwen/Qwen2.5-3B-Instruct,aa8e72537993ba99e69dfaafa59ed015b17504d1,36286467377
RESCS1C-C036:CODE_MAPPED_HIGH,RESCS1C-C036,CODE_MAPPED_HIGH,CODE_MAPPED,HIGH,B,VALID,,B,True,0.25,34.25,34.5,1159,277,1,117,5,9,4,3,4,4,8c81c4a204457497dbab85f7ab1e40a091468c156624006c44d2296781d39935,Qwen/Qwen2.5-3B-Instruct,aa8e72537993ba99e69dfaafa59ed015b17504d1,36286467377
RESCS1C-C036:NEUTRAL_HIGH,RESCS1C-C036,NEUTRAL_HIGH,NEUTRAL,HIGH,B,VALID,,B,True,0.5,32.75,33.25,1179,285,1,0,5,9,4,3,4,4,b9f0b9f02c7f71deaf128d256648e3b50e72ed0af067ced802ab948cacabe52c,Qwen/Qwen2.5-3B-Instruct,aa8e72537993ba99e69dfaafa59ed015b17504d1,36286467377
RESCS1C-C036:NONREL_CONTROL_HIGH,RESCS1C-C036,NONREL_CONTROL_HIGH,NON_RELATIONAL_CONTROL,HIGH,B,VALID,,B,True,1.0,32.5,33.5,1201,292,1,22,5,9,4,3,4,4,170caa543907ed3a84eab1a7941f43d1631bf89a4f7792bf5b6591eddd78d7cd,Qwen/Qwen2.5-3B-Instruct,aa8e72537993ba99e69dfaafa59ed015b17504d1,36286467377
RESCS1C-C037:NEUTRAL_LOW,RESCS1C-C037,NEUTRAL_LOW,NEUTRAL,LOW,A,VALID,,A,True,4.5,37.0,32.5,797,202,1,0,2,3,0,1,1,1,8f867bc375211d00dc7b8286b30c62af2aa57ed151f57ca823c3a9f47453b8f1,Qwen/Qwen2.5-3B-Instruct,aa8e72537993ba99e69dfaafa59ed015b17504d1,36324399210
RESCS1C-C037:CODE_MAPPED_HIGH,RESCS1C-C037,CODE_MAPPED_HIGH,CODE_MAPPED,HIGH,A,VALID,,B,False,-1.75,34.25,36.0,1160,276,1,117,5,9,4,3,4,4,ee6d8b5a0ad8f016ab47a8640967c62de3e43e07a24eae1b5e4423ed2e1a73f9,Qwen/Qwen2.5-3B-Instruct,aa8e72537993ba99e69dfaafa59ed015b17504d1,36324399210
RESCS1C-C037:NEUTRAL_HIGH,RESCS1C-C037,NEUTRAL_HIGH,NEUTRAL,HIGH,A,VALID,,B,False,1.25,33.0,31.75,1180,284,1,0,5,9,4,3,4,4,9b8b21e06fd4d5c7a5fb102d7c58843aa0570b5a5a47a6e4b9481c5dc0c7ac92,Qwen/Qwen2.5-3B-Instruct,aa8e72537993ba99e69dfaafa59ed015b17504d1,36324399210
RESCS1C-C037:NONREL_CONTROL_HIGH,RESCS1C-C037,NONREL_CONTROL_HIGH,NON_RELATIONAL_CONTROL,HIGH,A,VALID,,B,False,-0.75,32.0,32.75,1202,291,1,22,5,9,4,3,4,4,0967c3174d9fe45f4ab22d48bee7de1dd6ec5cc0dd0e9e317f53f4c38f872330,Qwen/Qwen2.5-3B-Instruct,aa8e72537993ba99e69dfaafa59ed015b17504d1,36324399210
RESCS1C-C037:CODE_MAPPED_LOW,RESCS1C-C037,CODE_MAPPED_LOW,CODE_MAPPED,LOW,A,VALID,,B,False,-6.375,31.875,38.25,777,194,1,117,2,3,0,1,1,1,027e1eff3d9bd911710986e152c3934d051dd1b8cb3dc25b72ccedc76f890b03,Qwen/Qwen2.5-3B-Instruct,aa8e72537993ba99e69dfaafa59ed015b17504d1,36324399210
RESCS1C-C038:CODE_MAPPED_HIGH,RESCS1C-C038,CODE_MAPPED_HIGH,CODE_MAPPED,HIGH,B,VALID,,B,True,3.75,33.0,36.75,1156,276,1,117,5,9,4,3,4,4,4d762b500b24c76ea2ff9b381fdb5ccf6393ce02b8bb0cf392f2e456b36b51a2,Qwen/Qwen2.5-3B-Instruct,aa8e72537993ba99e69dfaafa59ed015b17504d1,36324399210
RESCS1C-C038:NEUTRAL_HIGH,RESCS1C-C038,NEUTRAL_HIGH,NEUTRAL,HIGH,B,VALID,,A,False,-3.25,32.5,29.25,1176,284,3,0,5,9,4,3,4,4,e50cae2b6d8f08217bda99c4b8dfa7295b58da7059e9032becce2208a51be2c3,Qwen/Qwen2.5-3B-Instruct,aa8e72537993ba99e69dfaafa59ed015b17504d1,36324399210
RESCS1C-C038:NONREL_CONTROL_HIGH,RESCS1C-C038,NONREL_CONTROL_HIGH,NON_RELATIONAL_CONTROL,HIGH,B,VALID,,A,False,-1.625,32.5,30.875,1198,291,3,22,5,9,4,3,4,4,276567e183e538333f3544e5e96893c6916f774d30bfef7242a33e6c826c0d0f,Qwen/Qwen2.5-3B-Instruct,aa8e72537993ba99e69dfaafa59ed015b17504d1,36324399210
RESCS1C-C038:CODE_MAPPED_LOW,RESCS1C-C038,CODE_MAPPED_LOW,CODE_MAPPED,LOW,B,VALID,,B,True,6.0,32.25,38.25,773,194,1,117,2,3,0,1,1,1,f99fe9fb216b4ba760375e34fa9a2c03bb9bc7b978d51da55828810e241c1029,Qwen/Qwen2.5-3B-Instruct,aa8e72537993ba99e69dfaafa59ed015b17504d1,36324399210
RESCS1C-C038:NEUTRAL_LOW,RESCS1C-C038,NEUTRAL_LOW,NEUTRAL,LOW,B,VALID,,A,False,-7.25,37.5,30.25,793,202,1,0,2,3,0,1,1,1,7d5e7e297315e41c736f65ecc61fa117d62679bd93c2effdb89a7b4966f9ed28,Qwen/Qwen2.5-3B-Instruct,aa8e72537993ba99e69dfaafa59ed015b17504d1,36324399210
RESCS1C-C039:NEUTRAL_HIGH,RESCS1C-C039,NEUTRAL_HIGH,NEUTRAL,HIGH,A,VALID,,B,False,-2.75,30.5,33.25,1181,285,1,0,5,9,4,3,4,4,67cde181c650db3fa24a7e9b76b54ee29c0a3bbd61cddb83e2ecc1c1a60748f4,Qwen/Qwen2.5-3B-Instruct,aa8e72537993ba99e69dfaafa59ed015b17504d1,36324399210
RESCS1C-C039:NONREL_CONTROL_HIGH,RESCS1C-C039,NONREL_CONTROL_HIGH,NON_RELATIONAL_CONTROL,HIGH,A,VALID,,B,False,-3.875,29.875,33.75,1203,292,1,22,5,9,4,3,4,4,ea262b626b219b2600f9008bc87cb654e1002bb7b3f526869281f8e7954591af,Qwen/Qwen2.5-3B-Instruct,aa8e72537993ba99e69dfaafa59ed015b17504d1,36324399210
RESCS1C-C039:CODE_MAPPED_LOW,RESCS1C-C039,CODE_MAPPED_LOW,CODE_MAPPED,LOW,A,VALID,,B,False,-4.5,34.5,39.0,781,195,1,115,2,3,0,1,1,1,67ee66bb03d81f678f4bde669a1c07f1b8d9c69debbbd3f2043de2729ec71531,Qwen/Qwen2.5-3B-Instruct,aa8e72537993ba99e69dfaafa59ed015b17504d1,36324399210
RESCS1C-C039:NEUTRAL_LOW,RESCS1C-C039,NEUTRAL_LOW,NEUTRAL,LOW,A,VALID,,B,False,-3.0,31.0,34.0,798,203,1,0,2,3,0,1,1,1,578e0e7b6d8f25925f8cd9273c520454c155813825eb31f9394163de880db8df,Qwen/Qwen2.5-3B-Instruct,aa8e72537993ba99e69dfaafa59ed015b17504d1,36324399210
RESCS1C-C039:CODE_MAPPED_HIGH,RESCS1C-C039,CODE_MAPPED_HIGH,CODE_MAPPED,HIGH,A,VALID,,B,False,-2.75,33.0,35.75,1164,277,1,115,5,9,4,3,4,4,5a49dc236b3fc0d3e83ae7f0960b9678f979c57a290ab26930c952a6570396db,Qwen/Qwen2.5-3B-Instruct,aa8e72537993ba99e69dfaafa59ed015b17504d1,36324399210
RESCS1C-C040:NEUTRAL_LOW,RESCS1C-C040,NEUTRAL_LOW,NEUTRAL,LOW,B,VALID,,B,True,2.0,32.25,34.25,806,203,3,0,2,3,0,1,1,1,31a9deea5363ebd0cccc4aa353b9d34bbac97452063f9a91a4b6c54bc0a899bb,Qwen/Qwen2.5-3B-Instruct,aa8e72537993ba99e69dfaafa59ed015b17504d1,36286467377
RESCS1C-C040:CODE_MAPPED_HIGH,RESCS1C-C040,CODE_MAPPED_HIGH,CODE_MAPPED,HIGH,B,VALID,,B,True,1.5,32.25,33.75,1169,277,3,117,5,9,4,3,4,4,c8b61de547a4eebdcf2da863f1b86fd49828ba9c4580fadb19cb5db8477d4c1d,Qwen/Qwen2.5-3B-Instruct,aa8e72537993ba99e69dfaafa59ed015b17504d1,36286467377
RESCS1C-C040:NONREL_CONTROL_HIGH,RESCS1C-C040,NONREL_CONTROL_HIGH,NON_RELATIONAL_CONTROL,HIGH,B,VALID,,B,True,1.5,32.25,33.75,1211,292,1,22,5,9,4,3,4,4,6b3a7032e1e94284b865247e80bf8da379f5b495dcb255e37bff449a3de11163,Qwen/Qwen2.5-3B-Instruct,aa8e72537993ba99e69dfaafa59ed015b17504d1,36286467377
RESCS1C-C040:CODE_MAPPED_LOW,RESCS1C-C040,CODE_MAPPED_LOW,CODE_MAPPED,LOW,B,VALID,,B,True,2.75,29.125,31.875,786,195,3,117,2,3,0,1,1,1,a6c8411dd368e6b559f65110dd676c71829ac7dc8c26670edaabe2c03698f140,Qwen/Qwen2.5-3B-Instruct,aa8e72537993ba99e69dfaafa59ed015b17504d1,36286467377
RESCS1C-C040:NEUTRAL_HIGH,RESCS1C-C040,NEUTRAL_HIGH,NEUTRAL,HIGH,B,VALID,,B,True,1.0,32.75,33.75,1189,285,1,0,5,9,4,3,4,4,8f4b3be2b5179c8a374ba51166513d6acdeab6dc830142c04a11b3d6c7a66884,Qwen/Qwen2.5-3B-Instruct,aa8e72537993ba99e69dfaafa59ed015b17504d1,36286467377
RESCS1C-C041:CODE_MAPPED_HIGH,RESCS1C-C041,CODE_MAPPED_HIGH,CODE_MAPPED,HIGH,A,VALID,,A,True,5.375,36.75,31.375,1168,276,1,117,5,9,4,3,4,4,03ef04620adbe30e8c6f7b9b08596e95298a35c188de976be2cd14a4abf91b27,Qwen/Qwen2.5-3B-Instruct,aa8e72537993ba99e69dfaafa59ed015b17504d1,36286467377
RESCS1C-C041:NONREL_CONTROL_HIGH,RESCS1C-C041,NONREL_CONTROL_HIGH,NON_RELATIONAL_CONTROL,HIGH,A,VALID,,A,True,9.0,37.25,28.25,1210,291,1,22,5,9,4,3,4,4,67d1a35335c254c2b3bddf1b317a258f7f4cd668c260a497171c7edbd09ee51f,Qwen/Qwen2.5-3B-Instruct,aa8e72537993ba99e69dfaafa59ed015b17504d1,36286467377
RESCS1C-C041:CODE_MAPPED_LOW,RESCS1C-C041,CODE_MAPPED_LOW,CODE_MAPPED,LOW,A,VALID,,A,True,11.0,38.5,27.5,785,194,1,117,2,3,0,1,1,1,cd00b82c8d790b66b07785fede03226e7c7836cd0844165626458ddeb9985a32,Qwen/Qwen2.5-3B-Instruct,aa8e72537993ba99e69dfaafa59ed015b17504d1,36286467377
RESCS1C-C041:NEUTRAL_HIGH,RESCS1C-C041,NEUTRAL_HIGH,NEUTRAL,HIGH,A,VALID,,A,True,9.75,37.5,27.75,1188,284,1,0,5,9,4,3,4,4,6b57dd0380f38687ee46ef566ec9db2180ff13554f6451e833469fbc30995118,Qwen/Qwen2.5-3B-Instruct,aa8e72537993ba99e69dfaafa59ed015b17504d1,36286467377
RESCS1C-C041:NEUTRAL_LOW,RESCS1C-C041,NEUTRAL_LOW,NEUTRAL,LOW,A,VALID,,A,True,13.125,38.75,25.625,805,202,1,0,2,3,0,1,1,1,6ad93a1d456bb97766cceff7d5589cb9eba70d0ae240e68d60c40edf1d17292e,Qwen/Qwen2.5-3B-Instruct,aa8e72537993ba99e69dfaafa59ed015b17504d1,36286467377
RESCS1C-C042:NONREL_CONTROL_HIGH,RESCS1C-C042,NONREL_CONTROL_HIGH,NON_RELATIONAL_CONTROL,HIGH,B,VALID,,A,False,-1.625,32.75,31.125,1200,291,1,22,5,9,4,3,4,4,55f9f99cf171296f33a636f9a78ab39e7548c1b978a118a51a600212cbc44cd9,Qwen/Qwen2.5-3B-Instruct,aa8e72537993ba99e69dfaafa59ed015b17504d1,36286467377
RESCS1C-C042:CODE_MAPPED_LOW,RESCS1C-C042,CODE_MAPPED_LOW,CODE_MAPPED,LOW,B,VALID,,B,True,5.75,33.0,38.75,775,194,1,117,2,3,0,1,1,1,f85376c791d14408a63b19e7e052ce693967f6fb02a601109c6f3f06591ba8bb,Qwen/Qwen2.5-3B-Instruct,aa8e72537993ba99e69dfaafa59ed015b17504d1,36286467377
RESCS1C-C042:NEUTRAL_HIGH,RESCS1C-C042,NEUTRAL_HIGH,NEUTRAL,HIGH,B,VALID,,A,False,-2.375,32.5,30.125,1178,284,3,0,5,9,4,3,4,4,9cdbf46fa6b435095be5c2fb5893856aaf73c9731f3f32e4d483a0df8bb3f1f1,Qwen/Qwen2.5-3B-Instruct,aa8e72537993ba99e69dfaafa59ed015b17504d1,36286467377
RESCS1C-C042:NEUTRAL_LOW,RESCS1C-C042,NEUTRAL_LOW,NEUTRAL,LOW,B,VALID,,B,True,1.0,33.75,34.75,795,202,1,0,2,3,0,1,1,1,8072959d761798ea85a791b33e7437db3493bd5bf40217f902c2e7ddbd6ba667,Qwen/Qwen2.5-3B-Instruct,aa8e72537993ba99e69dfaafa59ed015b17504d1,36286467377
RESCS1C-C042:CODE_MAPPED_HIGH,RESCS1C-C042,CODE_MAPPED_HIGH,CODE_MAPPED,HIGH,B,VALID,,B,True,7.125,31.375,38.5,1158,276,1,117,5,9,4,3,4,4,4c676fcc9497b514ea63aff3983ef59f1e18d96506f05a27fb15113a351186ca,Qwen/Qwen2.5-3B-Instruct,aa8e72537993ba99e69dfaafa59ed015b17504d1,36286467377
RESCS1C-C043:CODE_MAPPED_LOW,RESCS1C-C043,CODE_MAPPED_LOW,CODE_MAPPED,LOW,B,VALID,,B,True,3.75,30.0,33.75,789,195,3,115,2,3,0,1,1,1,2e7ca23e4442d86b83234e19e15d8679839c1a5351f820a2bc8e397820acc22c,Qwen/Qwen2.5-3B-Instruct,aa8e72537993ba99e69dfaafa59ed015b17504d1,36286467377
RESCS1C-C043:NEUTRAL_HIGH,RESCS1C-C043,NEUTRAL_HIGH,NEUTRAL,HIGH,B,VALID,,B,True,1.5,32.25,33.75,1189,285,1,0,5,9,4,3,4,4,10775639689bc2f4618c85c9955bed47fbda1480e159ec67db904f02d7663b2a,Qwen/Qwen2.5-3B-Instruct,aa8e72537993ba99e69dfaafa59ed015b17504d1,36286467377
RESCS1C-C043:NEUTRAL_LOW,RESCS1C-C043,NEUTRAL_LOW,NEUTRAL,LOW,B,VALID,,B,True,2.75,32.25,35.0,806,203,1,0,2,3,0,1,1,1,ff6179aeae33fb32f42a46c946079fdf45b73515f120e167673261064624b511,Qwen/Qwen2.5-3B-Instruct,aa8e72537993ba99e69dfaafa59ed015b17504d1,36286467377
RESCS1C-C043:CODE_MAPPED_HIGH,RESCS1C-C043,CODE_MAPPED_HIGH,CODE_MAPPED,HIGH,B,VALID,,B,True,3.25,31.0,34.25,1172,277,1,115,5,9,4,3,4,4,43aa070a74de6ccff3b6253649595b46de27e1d60264599d9e72a41baae0968d,Qwen/Qwen2.5-3B-Instruct,aa8e72537993ba99e69dfaafa59ed015b17504d1,36286467377
RESCS1C-C043:NONREL_CONTROL_HIGH,RESCS1C-C043,NONREL_CONTROL_HIGH,NON_RELATIONAL_CONTROL,HIGH,B,VALID,,B,True,1.75,31.5,33.25,1211,292,1,22,5,9,4,3,4,4,e9694a424952e446f1f2faccf6086b6a6200ca44733f94c573844229629daa0b,Qwen/Qwen2.5-3B-Instruct,aa8e72537993ba99e69dfaafa59ed015b17504d1,36286467377
RESCS1C-C044:NEUTRAL_HIGH,RESCS1C-C044,NEUTRAL_HIGH,NEUTRAL,HIGH,B,VALID,,B,True,-0.5,32.75,32.25,1177,285,1,0,5,9,4,3,4,4,2e74969e640feb46da1daa5e656c3a8cbc82568be7aee845def510d3a23cb6ca,Qwen/Qwen2.5-3B-Instruct,aa8e72537993ba99e69dfaafa59ed015b17504d1,36286467377
RESCS1C-C044:NEUTRAL_LOW,RESCS1C-C044,NEUTRAL_LOW,NEUTRAL,LOW,B,VALID,,A,False,-4.0,36.75,32.75,794,203,1,0,2,3,0,1,1,1,904202f63e1f2d4c3c9a9225cf16d362bb99e42a106d1bfeb33a0fa4507081ff,Qwen/Qwen2.5-3B-Instruct,aa8e72537993ba99e69dfaafa59ed015b17504d1,36286467377
RESCS1C-C044:CODE_MAPPED_HIGH,RESCS1C-C044,CODE_MAPPED_HIGH,CODE_MAPPED,HIGH,B,VALID,,B,True,8.625,28.875,37.5,1160,277,1,115,5,9,4,3,4,4,b44a07b1ef68d6a96e5385dcae1235d88edbd8c748a09c4e650089b5def9adc4,Qwen/Qwen2.5-3B-Instruct,aa8e72537993ba99e69dfaafa59ed015b17504d1,36286467377
RESCS1C-C044:NONREL_CONTROL_HIGH,RESCS1C-C044,NONREL_CONTROL_HIGH,NON_RELATIONAL_CONTROL,HIGH,B,VALID,,B,True,0.0,32.75,32.75,1199,292,1,22,5,9,4,3,4,4,1b2fbe38ea12525ccaa3202e462a0733dd037dc2333e4b6b7cc83af53786644c,Qwen/Qwen2.5-3B-Instruct,aa8e72537993ba99e69dfaafa59ed015b17504d1,36286467377
RESCS1C-C044:CODE_MAPPED_LOW,RESCS1C-C044,CODE_MAPPED_LOW,CODE_MAPPED,LOW,B,VALID,,B,True,4.25,34.25,38.5,777,195,1,115,2,3,0,1,1,1,c9a6c35d88cb21232106438265e19745359d762e8da0f154974d74a4078f29b4,Qwen/Qwen2.5-3B-Instruct,aa8e72537993ba99e69dfaafa59ed015b17504d1,36286467377
RESCS1C-C045:NEUTRAL_LOW,RESCS1C-C045,NEUTRAL_LOW,NEUTRAL,LOW,B,VALID,,B,True,9.5,27.0,36.5,785,202,1,0,2,3,0,1,1,1,36b343a422e1649da653acef81e66bdb9d9e0fc9079465569917cac9a07edbf3,Qwen/Qwen2.5-3B-Instruct,aa8e72537993ba99e69dfaafa59ed015b17504d1,36324399210
RESCS1C-C045:CODE_MAPPED_HIGH,RESCS1C-C045,CODE_MAPPED_HIGH,CODE_MAPPED,HIGH,B,VALID,,B,True,10.75,28.5,39.25,1148,276,1,117,5,9,4,3,4,4,e68ca8f2c58cc6a0c1ea88fe1f7f7db596a288f462c0dd473136041462494c3d,Qwen/Qwen2.5-3B-Instruct,aa8e72537993ba99e69dfaafa59ed015b17504d1,36324399210
RESCS1C-C045:NEUTRAL_HIGH,RESCS1C-C045,NEUTRAL_HIGH,NEUTRAL,HIGH,B,VALID,,B,True,8.125,27.625,35.75,1168,284,1,0,5,9,4,3,4,4,4405c794227cc4121bdd98ab4a03646d4ecf61e541873debc2e9f345109b1a37,Qwen/Qwen2.5-3B-Instruct,aa8e72537993ba99e69dfaafa59ed015b17504d1,36324399210
RESCS1C-C045:NONREL_CONTROL_HIGH,RESCS1C-C045,NONREL_CONTROL_HIGH,NON_RELATIONAL_CONTROL,HIGH,B,VALID,,B,True,7.25,28.25,35.5,1190,291,1,22,5,9,4,3,4,4,6b7115de4637f7c665f19ff68b024d63b3c78af95df1c6ccdb5c6b406d41159d,Qwen/Qwen2.5-3B-Instruct,aa8e72537993ba99e69dfaafa59ed015b17504d1,36324399210
RESCS1C-C045:CODE_MAPPED_LOW,RESCS1C-C045,CODE_MAPPED_LOW,CODE_MAPPED,LOW,B,VALID,,B,True,11.75,28.0,39.75,765,194,1,117,2,3,0,1,1,1,9a298a3e2b4fc255affccd2255569d70edfc989de9902c39f07601d645ef9b51,Qwen/Qwen2.5-3B-Instruct,aa8e72537993ba99e69dfaafa59ed015b17504d1,36324399210
RESCS1C-C046:CODE_MAPPED_HIGH,RESCS1C-C046,CODE_MAPPED_HIGH,CODE_MAPPED,HIGH,B,VALID,,B,True,11.125,27.875,39.0,1151,276,1,115,5,9,4,3,4,4,8978b4b1ac17ea29b45dd87e7ae22ce332e9aa4cf94865c6ab36b9c36ce172d4,Qwen/Qwen2.5-3B-Instruct,aa8e72537993ba99e69dfaafa59ed015b17504d1,36324399210
RESCS1C-C046:NEUTRAL_HIGH,RESCS1C-C046,NEUTRAL_HIGH,NEUTRAL,HIGH,B,VALID,,B,True,7.375,28.625,36.0,1168,284,1,0,5,9,4,3,4,4,9378882b3c98fc761e1405964e7acf55352ff436e5320297a20ce824227aa546,Qwen/Qwen2.5-3B-Instruct,aa8e72537993ba99e69dfaafa59ed015b17504d1,36324399210
RESCS1C-C046:NONREL_CONTROL_HIGH,RESCS1C-C046,NONREL_CONTROL_HIGH,NON_RELATIONAL_CONTROL,HIGH,B,VALID,,B,True,6.125,29.875,36.0,1190,291,1,22,5,9,4,3,4,4,310cae772e532f1a6eca34440fc5b4ac1530ff5a112ad5d5de5c83be65cf2792,Qwen/Qwen2.5-3B-Instruct,aa8e72537993ba99e69dfaafa59ed015b17504d1,36324399210
RESCS1C-C046:CODE_MAPPED_LOW,RESCS1C-C046,CODE_MAPPED_LOW,CODE_MAPPED,LOW,B,VALID,,B,True,11.5,29.0,40.5,768,194,1,115,2,3,0,1,1,1,ef647bea31be3d75fcc0806be51f8336cb8e77810fd04d9d12f08c5e4c272b35,Qwen/Qwen2.5-3B-Instruct,aa8e72537993ba99e69dfaafa59ed015b17504d1,36324399210
RESCS1C-C046:NEUTRAL_LOW,RESCS1C-C046,NEUTRAL_LOW,NEUTRAL,LOW,B,VALID,,B,True,7.625,29.875,37.5,785,202,1,0,2,3,0,1,1,1,7ea45e66b9d881325448611eb120814c01d7fcd26fb69b7964f97aab5778e65d,Qwen/Qwen2.5-3B-Instruct,aa8e72537993ba99e69dfaafa59ed015b17504d1,36324399210
RESCS1C-C047:NEUTRAL_HIGH,RESCS1C-C047,NEUTRAL_HIGH,NEUTRAL,HIGH,B,VALID,,B,True,1.0,32.5,33.5,1188,284,1,0,5,9,4,3,4,4,38edc265e42d34e97301eeeb282e683f896ae7350576d3f454fafc37cbc774ab,Qwen/Qwen2.5-3B-Instruct,aa8e72537993ba99e69dfaafa59ed015b17504d1,36324399210
RESCS1C-C047:NONREL_CONTROL_HIGH,RESCS1C-C047,NONREL_CONTROL_HIGH,NON_RELATIONAL_CONTROL,HIGH,B,VALID,,B,True,1.5,32.5,34.0,1210,291,1,22,5,9,4,3,4,4,e1cdccc3e53aa8d7e23f9435efb1332d3d635d30dd01dc474853878d78b5a7e8,Qwen/Qwen2.5-3B-Instruct,aa8e72537993ba99e69dfaafa59ed015b17504d1,36324399210
RESCS1C-C047:CODE_MAPPED_LOW,RESCS1C-C047,CODE_MAPPED_LOW,CODE_MAPPED,LOW,B,VALID,,B,True,2.75,30.25,33.0,785,194,3,117,2,3,0,1,1,1,a252bf4f8943080d4b967d2b1c0ac59ee26052c102f97cb5ac01119034f888ff,Qwen/Qwen2.5-3B-Instruct,aa8e72537993ba99e69dfaafa59ed015b17504d1,36324399210
RESCS1C-C047:NEUTRAL_LOW,RESCS1C-C047,NEUTRAL_LOW,NEUTRAL,LOW,B,VALID,,B,True,2.25,33.0,35.25,805,202,1,0,2,3,0,1,1,1,17527a1e6e5190e82021c201ede641a3f7c95333bb538c1d3d3b14207acb9817,Qwen/Qwen2.5-3B-Instruct,aa8e72537993ba99e69dfaafa59ed015b17504d1,36324399210
RESCS1C-C047:CODE_MAPPED_HIGH,RESCS1C-C047,CODE_MAPPED_HIGH,CODE_MAPPED,HIGH,B,VALID,,B,True,1.5,32.5,34.0,1168,276,3,117,5,9,4,3,4,4,57a8f9ca5849a8faa95f0a5c9201e364dc31140f9c9660dc57755f0811648edd,Qwen/Qwen2.5-3B-Instruct,aa8e72537993ba99e69dfaafa59ed015b17504d1,36324399210
RESCS1C-C048:NONREL_CONTROL_HIGH,RESCS1C-C048,NONREL_CONTROL_HIGH,NON_RELATIONAL_CONTROL,HIGH,B,VALID,,B,True,2.5,30.0,32.5,1203,292,1,22,5,9,4,3,4,4,102feafbd5d6a8edd5ff91ad1122e86a68d1c5be295676fbfb0a6cfcc25133a0,Qwen/Qwen2.5-3B-Instruct,aa8e72537993ba99e69dfaafa59ed015b17504d1,36286467377
RESCS1C-C048:CODE_MAPPED_LOW,RESCS1C-C048,CODE_MAPPED_LOW,CODE_MAPPED,LOW,B,VALID,,B,True,1.25,34.25,35.5,778,195,1,117,2,3,0,1,1,1,6353c580726728158106463140daecbbbce09a8bcd95b222ca386f0527daf4a2,Qwen/Qwen2.5-3B-Instruct,aa8e72537993ba99e69dfaafa59ed015b17504d1,36286467377
RESCS1C-C048:NEUTRAL_LOW,RESCS1C-C048,NEUTRAL_LOW,NEUTRAL,LOW,B,VALID,,B,True,2.5,30.0,32.5,798,203,3,0,2,3,0,1,1,1,7e3d39200b5f43bc3739b2d8cb40fb4048730000f4e637eae412a1950652b050,Qwen/Qwen2.5-3B-Instruct,aa8e72537993ba99e69dfaafa59ed015b17504d1,36286467377
RESCS1C-C048:CODE_MAPPED_HIGH,RESCS1C-C048,CODE_MAPPED_HIGH,CODE_MAPPED,HIGH,B,VALID,,A,False,-2.0,34.5,32.5,1161,277,1,117,5,9,4,3,4,4,e84eea06a210fa65c41f00027e0d60f7eb1b46e2e45ccdaa609e593c28a924f5,Qwen/Qwen2.5-3B-Instruct,aa8e72537993ba99e69dfaafa59ed015b17504d1,36286467377
RESCS1C-C048:NEUTRAL_HIGH,RESCS1C-C048,NEUTRAL_HIGH,NEUTRAL,HIGH,B,VALID,,B,True,2.25,29.75,32.0,1181,285,3,0,5,9,4,3,4,4,7ac69dec38728ba3561375249386f9e720e22e4d671e40a855c6168790d6861c,Qwen/Qwen2.5-3B-Instruct,aa8e72537993ba99e69dfaafa59ed015b17504d1,36286467377
RESCS1C-C049:CODE_MAPPED_LOW,RESCS1C-C049,CODE_MAPPED_LOW,CODE_MAPPED,LOW,B,VALID,,B,True,3.5,34.0,37.5,779,195,1,115,2,3,0,1,1,1,53b32b816a907db6cd5e79f7be69d98e314d168c505e632a3732fc8d83b8c944,Qwen/Qwen2.5-3B-Instruct,aa8e72537993ba99e69dfaafa59ed015b17504d1,36286467377
RESCS1C-C049:NEUTRAL_LOW,RESCS1C-C049,NEUTRAL_LOW,NEUTRAL,LOW,B,VALID,,B,True,2.5,30.75,33.25,796,203,3,0,2,3,0,1,1,1,d9e951451fdf8dd42483a7ad95d910860e76bbd876fa3cb2b0602dbe77ee5d06,Qwen/Qwen2.5-3B-Instruct,aa8e72537993ba99e69dfaafa59ed015b17504d1,36286467377
RESCS1C-C049:CODE_MAPPED_HIGH,RESCS1C-C049,CODE_MAPPED_HIGH,CODE_MAPPED,HIGH,B,VALID,,B,True,0.75,35.0,35.75,1162,277,1,115,5,9,4,3,4,4,2dd0ef5e72c02c7040ddcdec8a8ef6530fb0ee4f48712cfa024230996fde5a06,Qwen/Qwen2.5-3B-Instruct,aa8e72537993ba99e69dfaafa59ed015b17504d1,36286467377
RESCS1C-C049:NEUTRAL_HIGH,RESCS1C-C049,NEUTRAL_HIGH,NEUTRAL,HIGH,B,VALID,,B,True,1.625,31.875,33.5,1179,285,1,0,5,9,4,3,4,4,4dc2c5804b69b1b6ee86194cddfc2467e48edc4ea30fde24f5b4c619e65d0d5a,Qwen/Qwen2.5-3B-Instruct,aa8e72537993ba99e69dfaafa59ed015b17504d1,36286467377
RESCS1C-C049:NONREL_CONTROL_HIGH,RESCS1C-C049,NONREL_CONTROL_HIGH,NON_RELATIONAL_CONTROL,HIGH,B,VALID,,B,True,2.0,31.5,33.5,1201,292,1,22,5,9,4,3,4,4,eb68e65a949d6b32adecb24ccedfa17a36922a40690ebd5742d41bf1107b33a7,Qwen/Qwen2.5-3B-Instruct,aa8e72537993ba99e69dfaafa59ed015b17504d1,36286467377
RESCS1C-C050:CODE_MAPPED_HIGH,RESCS1C-C050,CODE_MAPPED_HIGH,CODE_MAPPED,HIGH,B,VALID,,A,False,-4.25,37.75,33.5,1162,277,1,115,5,9,4,3,4,4,aa090a513245cac11ec80a0880255f13df200aeaed58917c5708d58a1ae4ba95,Qwen/Qwen2.5-3B-Instruct,aa8e72537993ba99e69dfaafa59ed015b17504d1,36286467377
RESCS1C-C050:CODE_MAPPED_LOW,RESCS1C-C050,CODE_MAPPED_LOW,CODE_MAPPED,LOW,B,VALID,,B,True,-1.75,39.25,37.5,779,195,1,115,2,3,0,1,1,1,5242ec943556d02b47f99de93dd12b487df9733cd65ffa37a631e85e97a9c1f3,Qwen/Qwen2.5-3B-Instruct,aa8e72537993ba99e69dfaafa59ed015b17504d1,36286467377
RESCS1C-C050:NONREL_CONTROL_HIGH,RESCS1C-C050,NONREL_CONTROL_HIGH,NON_RELATIONAL_CONTROL,HIGH,B,VALID,,B,True,2.0,31.0,33.0,1201,292,1,22,5,9,4,3,4,4,2be81c1cb299f080b43c243324c67d41b38cd665d02b680121ae4690dfec346c,Qwen/Qwen2.5-3B-Instruct,aa8e72537993ba99e69dfaafa59ed015b17504d1,36286467377
RESCS1C-C050:NEUTRAL_LOW,RESCS1C-C050,NEUTRAL_LOW,NEUTRAL,LOW,B,VALID,,A,False,3.25,30.5,33.75,796,203,3,0,2,3,0,1,1,1,9a983d242e010532b575fa5ee6d5aed91eb3b189ee021001c24599a1a0d26c15,Qwen/Qwen2.5-3B-Instruct,aa8e72537993ba99e69dfaafa59ed015b17504d1,36286467377
RESCS1C-C050:NEUTRAL_HIGH,RESCS1C-C050,NEUTRAL_HIGH,NEUTRAL,HIGH,B,VALID,,B,True,1.75,31.0,32.75,1179,285,1,0,5,9,4,3,4,4,1204e5009ff76ab237b9bbfbb7a441e8ec757dc51058c2360a431f7efd368fa6,Qwen/Qwen2.5-3B-Instruct,aa8e72537993ba99e69dfaafa59ed015b17504d1,36286467377
RESCS1C-C051:CODE_MAPPED_LOW,RESCS1C-C051,CODE_MAPPED_LOW,CODE_MAPPED,LOW,B,VALID,,B,True,3.625,30.875,34.5,788,194,3,115,2,3,0,1,1,1,4fbea6995a304f47a81fc64653c484e8fb37f59902f268f32d4c2a1f962a9730,Qwen/Qwen2.5-3B-Instruct,aa8e72537993ba99e69dfaafa59ed015b17504d1,36286467377
RESCS1C-C051:NONREL_CONTROL_HIGH,RESCS1C-C051,NONREL_CONTROL_HIGH,NON_RELATIONAL_CONTROL,HIGH,B,VALID,,B,True,2.125,31.625,33.75,1210,291,1,22,5,9,4,3,4,4,b42201afb65d90fbf39a87da21f37d940fe9beb92ec2fb8a202335263eb33efd,Qwen/Qwen2.5-3B-Instruct,aa8e72537993ba99e69dfaafa59ed015b17504d1,36286467377
RESCS1C-C051:NEUTRAL_LOW,RESCS1C-C051,NEUTRAL_LOW,NEUTRAL,LOW,B,VALID,,B,True,2.75,32.5,35.25,805,202,1,0,2,3,0,1,1,1,c4cdd67b557dfffc557371032cffcc515f802f77a52617ea4fe3a621f73d45eb,Qwen/Qwen2.5-3B-Instruct,aa8e72537993ba99e69dfaafa59ed015b17504d1,36286467377
RESCS1C-C051:NEUTRAL_HIGH,RESCS1C-C051,NEUTRAL_HIGH,NEUTRAL,HIGH,B,VALID,,B,True,2.0,32.0,34.0,1188,284,1,0,5,9,4,3,4,4,5b7e1c2f5d64c6b91855b29706749572a07ed4cb8c54372bb1c90a216199a796,Qwen/Qwen2.5-3B-Instruct,aa8e72537993ba99e69dfaafa59ed015b17504d1,36286467377
RESCS1C-C051:CODE_MAPPED_HIGH,RESCS1C-C051,CODE_MAPPED_HIGH,CODE_MAPPED,HIGH,B,VALID,,B,True,3.75,31.0,34.75,1171,276,1,115,5,9,4,3,4,4,88d36d334b2bbdb342d09a6ffebcf3d3fd8caa0d2d317c8354b54359af16bd2a,Qwen/Qwen2.5-3B-Instruct,aa8e72537993ba99e69dfaafa59ed015b17504d1,36286467377
RESCS1C-C052:NONREL_CONTROL_HIGH,RESCS1C-C052,NONREL_CONTROL_HIGH,NON_RELATIONAL_CONTROL,HIGH,A,VALID,,B,False,-1.625,30.25,31.875,1201,292,1,22,5,9,4,3,4,4,89084ec78f1fbfb9e05f150e08440ce980e3942b4b7ca5481cb051445c999e5e,Qwen/Qwen2.5-3B-Instruct,aa8e72537993ba99e69dfaafa59ed015b17504d1,36286467377
RESCS1C-C052:NEUTRAL_LOW,RESCS1C-C052,NEUTRAL_LOW,NEUTRAL,LOW,A,VALID,,B,False,-0.25,33.25,33.5,796,203,1,0,2,3,0,1,1,1,a61c9e1e1913db03a99016ab3de1b883b025676306e35471b54e3fa43ba83e19,Qwen/Qwen2.5-3B-Instruct,aa8e72537993ba99e69dfaafa59ed015b17504d1,36286467377
RESCS1C-C052:NEUTRAL_HIGH,RESCS1C-C052,NEUTRAL_HIGH,NEUTRAL,HIGH,A,VALID,,B,False,-1.875,29.875,31.75,1179,285,3,0,5,9,4,3,4,4,d4dfe33bc2ad9ee705ad18e88a706f276e4aa436e871e20506050a95fbb01770,Qwen/Qwen2.5-3B-Instruct,aa8e72537993ba99e69dfaafa59ed015b17504d1,36286467377
RESCS1C-C052:CODE_MAPPED_HIGH,RESCS1C-C052,CODE_MAPPED_HIGH,CODE_MAPPED,HIGH,A,VALID,,A,True,5.25,37.75,32.5,1162,277,1,115,5,9,4,3,4,4,2f3483bf9be404e12f2656f8ebe954bcd8da72747dad23e29314918241c8c31e,Qwen/Qwen2.5-3B-Instruct,aa8e72537993ba99e69dfaafa59ed015b17504d1,36286467377
RESCS1C-C052:CODE_MAPPED_LOW,RESCS1C-C052,CODE_MAPPED_LOW,CODE_MAPPED,LOW,A,VALID,,B,False,0.75,37.5,36.75,779,195,1,115,2,3,0,1,1,1,0f80ca6207160b3f73d41b2a9eca5a8e3d4b2cc8930791e15223e010cadf8081,Qwen/Qwen2.5-3B-Instruct,aa8e72537993ba99e69dfaafa59ed015b17504d1,36286467377
RESCS1C-C053:NEUTRAL_LOW,RESCS1C-C053,NEUTRAL_LOW,NEUTRAL,LOW,A,VALID,,B,False,0.0,33.75,33.75,796,203,1,0,2,3,0,1,1,1,3c3cd8dd6956bc911a85af51753f7392338648b57089ee78e34b245f574a7427,Qwen/Qwen2.5-3B-Instruct,aa8e72537993ba99e69dfaafa59ed015b17504d1,36324399210
RESCS1C-C053:NEUTRAL_HIGH,RESCS1C-C053,NEUTRAL_HIGH,NEUTRAL,HIGH,A,VALID,,B,False,-1.375,29.75,31.125,1179,285,3,0,5,9,4,3,4,4,49caf155cba103ef7d4b0b15fe329003e3525d58914ebe6d83dff778ab7b5a75,Qwen/Qwen2.5-3B-Instruct,aa8e72537993ba99e69dfaafa59ed015b17504d1,36324399210
RESCS1C-C053:CODE_MAPPED_HIGH,RESCS1C-C053,CODE_MAPPED_HIGH,CODE_MAPPED,HIGH,A,VALID,,A,True,2.75,37.25,34.5,1159,277,1,117,5,9,4,3,4,4,d8d6c7121705f4da7321afb4829334259365819d47984be4e5feef1683853684,Qwen/Qwen2.5-3B-Instruct,aa8e72537993ba99e69dfaafa59ed015b17504d1,36324399210
RESCS1C-C053:CODE_MAPPED_LOW,RESCS1C-C053,CODE_MAPPED_LOW,CODE_MAPPED,LOW,A,VALID,,B,False,-0.25,37.25,37.5,776,195,1,117,2,3,0,1,1,1,f303ae8ebac85e2fd0e46da96b019cba0715ab9b5e5ea09533c9a0fff1dd9024,Qwen/Qwen2.5-3B-Instruct,aa8e72537993ba99e69dfaafa59ed015b17504d1,36324399210
RESCS1C-C053:NONREL_CONTROL_HIGH,RESCS1C-C053,NONREL_CONTROL_HIGH,NON_RELATIONAL_CONTROL,HIGH,A,VALID,,B,False,-1.125,29.875,31.0,1201,292,3,22,5,9,4,3,4,4,2d522e8c31944a20312e40d1821cba53881bc0b758e6f6ca123e91e153b4c7ab,Qwen/Qwen2.5-3B-Instruct,aa8e72537993ba99e69dfaafa59ed015b17504d1,36324399210
RESCS1C-C054:NEUTRAL_HIGH,RESCS1C-C054,NEUTRAL_HIGH,NEUTRAL,HIGH,A,VALID,,B,False,-2.5,30.5,33.0,1178,284,1,0,5,9,4,3,4,4,7f21653e2d6eea2ff417223a65a06a64782758b91bcc24f4461ebf078c00a952,Qwen/Qwen2.5-3B-Instruct,aa8e72537993ba99e69dfaafa59ed015b17504d1,36324399210
RESCS1C-C054:CODE_MAPPED_HIGH,RESCS1C-C054,CODE_MAPPED_HIGH,CODE_MAPPED,HIGH,A,VALID,,A,True,2.75,36.25,33.5,1161,276,1,115,5,9,4,3,4,4,a88967c88315d28c67b0daf4e85479166825345ba509373b8d2276c904917240,Qwen/Qwen2.5-3B-Instruct,aa8e72537993ba99e69dfaafa59ed015b17504d1,36324399210
RESCS1C-C054:CODE_MAPPED_LOW,RESCS1C-C054,CODE_MAPPED_LOW,CODE_MAPPED,LOW,A,VALID,,B,False,1.5,38.75,37.25,778,194,1,115,2,3,0,1,1,1,ffbc17b3f857b2b141ec7d4ac024d5c54825fd1df89b7e6e6c2e7b29bdf62dde,Qwen/Qwen2.5-3B-Instruct,aa8e72537993ba99e69dfaafa59ed015b17504d1,36324399210
RESCS1C-C054:NONREL_CONTROL_HIGH,RESCS1C-C054,NONREL_CONTROL_HIGH,NON_RELATIONAL_CONTROL,HIGH,A,VALID,,B,False,-2.0,31.0,33.0,1200,291,1,22,5,9,4,3,4,4,47de77ab034ca47ea3343ca289f907643999c55dfb2fe5792892f70bf38357b7,Qwen/Qwen2.5-3B-Instruct,aa8e72537993ba99e69dfaafa59ed015b17504d1,36324399210
RESCS1C-C054:NEUTRAL_LOW,RESCS1C-C054,NEUTRAL_LOW,NEUTRAL,LOW,A,VALID,,B,False,-3.25,30.75,34.0,795,202,1,0,2,3,0,1,1,1,8bb1a40e3b6c15c883ad26709065bcbf6ae0f806174e868f41748090e27c8a10,Qwen/Qwen2.5-3B-Instruct,aa8e72537993ba99e69dfaafa59ed015b17504d1,36324399210
RESCS1C-C055:NONREL_CONTROL_HIGH,RESCS1C-C055,NONREL_CONTROL_HIGH,NON_RELATIONAL_CONTROL,HIGH,B,VALID,,B,True,2.375,30.375,32.75,1202,291,1,22,5,9,4,3,4,4,968fede6fbd5dddb6be29c7e95ecb996405f273f8b19197611612321c3e6ba63,Qwen/Qwen2.5-3B-Instruct,aa8e72537993ba99e69dfaafa59ed015b17504d1,36324399210
RESCS1C-C055:CODE_MAPPED_LOW,RESCS1C-C055,CODE_MAPPED_LOW,CODE_MAPPED,LOW,B,VALID,,B,True,-1.0,38.25,37.25,780,194,1,115,2,3,0,1,1,1,fec7898320b334bde0761fec1c1fe1da55f2d18f7260804410d38a7ce7313501,Qwen/Qwen2.5-3B-Instruct,aa8e72537993ba99e69dfaafa59ed015b17504d1,36324399210
RESCS1C-C055:CODE_MAPPED_HIGH,RESCS1C-C055,CODE_MAPPED_HIGH,CODE_MAPPED,HIGH,B,VALID,,A,False,-2.25,36.25,34.0,1163,276,1,115,5,9,4,3,4,4,1d498ce62d158d6b32d9deebe44680e6464c4aaf98290c245562986776e05ac8,Qwen/Qwen2.5-3B-Instruct,aa8e72537993ba99e69dfaafa59ed015b17504d1,36324399210
RESCS1C-C055:NEUTRAL_HIGH,RESCS1C-C055,NEUTRAL_HIGH,NEUTRAL,HIGH,B,VALID,,B,True,1.875,30.625,32.5,1180,284,1,0,5,9,4,3,4,4,c4a4c16921fab21fe4d3e8bd4b38a5c74d8e396fc42b440294aad5124fac3d2b,Qwen/Qwen2.5-3B-Instruct,aa8e72537993ba99e69dfaafa59ed015b17504d1,36324399210
RESCS1C-C055:NEUTRAL_LOW,RESCS1C-C055,NEUTRAL_LOW,NEUTRAL,LOW,B,VALID,,B,True,2.875,30.375,33.25,797,202,1,0,2,3,0,1,1,1,2210258ea1eae43d66d36564c9bdb7709b4be8f036ee4c644e57f96ce33ed59d,Qwen/Qwen2.5-3B-Instruct,aa8e72537993ba99e69dfaafa59ed015b17504d1,36324399210
RESCS1C-C056:CODE_MAPPED_LOW,RESCS1C-C056,CODE_MAPPED_LOW,CODE_MAPPED,LOW,A,VALID,,B,False,-1.25,35.5,36.75,779,195,1,115,2,3,0,1,1,1,0498e87813f5560279339b9b48fcdc4776cdf47a46ec37cc92fc60b3169ad2af,Qwen/Qwen2.5-3B-Instruct,aa8e72537993ba99e69dfaafa59ed015b17504d1,36286467377
RESCS1C-C056:CODE_MAPPED_HIGH,RESCS1C-C056,CODE_MAPPED_HIGH,CODE_MAPPED,HIGH,A,VALID,,B,False,-0.75,36.0,36.75,1162,277,1,115,5,9,4,3,4,4,25190758a40e1b3a2211f73f955e4e7e30ca9ff4031902bdcd46b63efde46dbd,Qwen/Qwen2.5-3B-Instruct,aa8e72537993ba99e69dfaafa59ed015b17504d1,36286467377
RESCS1C-C056:NEUTRAL_HIGH,RESCS1C-C056,NEUTRAL_HIGH,NEUTRAL,HIGH,A,VALID,,B,False,-1.5,34.75,36.25,1179,285,1,0,5,9,4,3,4,4,416b134b5313397219e6d36d7d4a084b6010d64a518f20be96607d34450c65ee,Qwen/Qwen2.5-3B-Instruct,aa8e72537993ba99e69dfaafa59ed015b17504d1,36286467377
RESCS1C-C056:NEUTRAL_LOW,RESCS1C-C056,NEUTRAL_LOW,NEUTRAL,LOW,A,VALID,,A,True,8.0,37.0,29.0,796,203,1,0,2,3,0,1,1,1,00f83502969ec4de168dd680fe486d47c6ef5359a48cb8867ec94bef247cf8b0,Qwen/Qwen2.5-3B-Instruct,aa8e72537993ba99e69dfaafa59ed015b17504d1,36286467377
RESCS1C-C056:NONREL_CONTROL_HIGH,RESCS1C-C056,NONREL_CONTROL_HIGH,NON_RELATIONAL_CONTROL,HIGH,A,VALID,,B,False,-3.25,33.25,36.5,1201,292,1,22,5,9,4,3,4,4,c617af39f1b7079f1ebb1ea017d3e5b1978962f8a27eca6ab3dc7dc22c1db996,Qwen/Qwen2.5-3B-Instruct,aa8e72537993ba99e69dfaafa59ed015b17504d1,36286467377
RESCS1C-C057:CODE_MAPPED_HIGH,RESCS1C-C057,CODE_MAPPED_HIGH,CODE_MAPPED,HIGH,B,VALID,,B,True,10.5,28.0,38.5,1161,276,1,115,5,9,4,3,4,4,4ea1e009473fe77a5b4afb7ddd0e83bedde3eab4ed0491567b5034a30e165e37,Qwen/Qwen2.5-3B-Instruct,aa8e72537993ba99e69dfaafa59ed015b17504d1,36286467377
RESCS1C-C057:NEUTRAL_HIGH,RESCS1C-C057,NEUTRAL_HIGH,NEUTRAL,HIGH,B,VALID,,A,False,-1.25,32.75,31.5,1178,284,3,0,5,9,4,3,4,4,0b5c880ceccf249faa020d7f12237d7d30ff0661f7ac22f3e3ed2313ff081634,Qwen/Qwen2.5-3B-Instruct,aa8e72537993ba99e69dfaafa59ed015b17504d1,36286467377
RESCS1C-C057:NEUTRAL_LOW,RESCS1C-C057,NEUTRAL_LOW,NEUTRAL,LOW,B,VALID,,B,True,0.0,34.5,34.5,795,202,1,0,2,3,0,1,1,1,a43f72423bbfccca7615913b07ec73e5798d80b9ab0a03df8bc768de1a7102bb,Qwen/Qwen2.5-3B-Instruct,aa8e72537993ba99e69dfaafa59ed015b17504d1,36286467377
RESCS1C-C057:NONREL_CONTROL_HIGH,RESCS1C-C057,NONREL_CONTROL_HIGH,NON_RELATIONAL_CONTROL,HIGH,B,VALID,,B,True,-0.75,32.75,32.0,1200,291,1,22,5,9,4,3,4,4,87f294fa94fb515cece246c0dbadb5198d8ed5507c7fe2f0b9f9bbdcb9c44bee,Qwen/Qwen2.5-3B-Instruct,aa8e72537993ba99e69dfaafa59ed015b17504d1,36286467377
RESCS1C-C057:CODE_MAPPED_LOW,RESCS1C-C057,CODE_MAPPED_LOW,CODE_MAPPED,LOW,B,VALID,,B,True,7.875,31.375,39.25,778,194,1,115,2,3,0,1,1,1,0879a7b452447bf8b1dd14ff98cc2f875afecad755926423da4abaade0c2ccb4,Qwen/Qwen2.5-3B-Instruct,aa8e72537993ba99e69dfaafa59ed015b17504d1,36286467377
RESCS1C-C058:NEUTRAL_HIGH,RESCS1C-C058,NEUTRAL_HIGH,NEUTRAL,HIGH,A,VALID,,A,True,8.875,38.0,29.125,1189,285,1,0,5,9,4,3,4,4,b17bf9595101211b4df858ba19a97a65032d7e6bf88614c49b482a6f778febb9,Qwen/Qwen2.5-3B-Instruct,aa8e72537993ba99e69dfaafa59ed015b17504d1,36286467377
RESCS1C-C058:NEUTRAL_LOW,RESCS1C-C058,NEUTRAL_LOW,NEUTRAL,LOW,A,VALID,,A,True,12.625,38.25,25.625,806,203,1,0,2,3,0,1,1,1,b7336fb9f1b81c76b2f92af427f622e21c59301ecded9bcfa4b7b6c34b4b0ec1,Qwen/Qwen2.5-3B-Instruct,aa8e72537993ba99e69dfaafa59ed015b17504d1,36286467377
RESCS1C-C058:NONREL_CONTROL_HIGH,RESCS1C-C058,NONREL_CONTROL_HIGH,NON_RELATIONAL_CONTROL,HIGH,A,VALID,,A,True,6.875,37.0,30.125,1211,292,1,22,5,9,4,3,4,4,33ebf9a4fec79c832d95b8137fc770e38cf1c228f3370889938e908516f4da2e,Qwen/Qwen2.5-3B-Instruct,aa8e72537993ba99e69dfaafa59ed015b17504d1,36286467377
RESCS1C-C058:CODE_MAPPED_LOW,RESCS1C-C058,CODE_MAPPED_LOW,CODE_MAPPED,LOW,A,VALID,,A,True,11.25,39.5,28.25,789,195,1,115,2,3,0,1,1,1,42df41168f8f8e6919cad189f224c824001c649eaf7ae31fdb1b2680d8c36072,Qwen/Qwen2.5-3B-Instruct,aa8e72537993ba99e69dfaafa59ed015b17504d1,36286467377
RESCS1C-C058:CODE_MAPPED_HIGH,RESCS1C-C058,CODE_MAPPED_HIGH,CODE_MAPPED,HIGH,A,VALID,,A,True,8.125,37.25,29.125,1172,277,1,115,5,9,4,3,4,4,f39ea1dc21a0b3b440cad64a4ae866b2310982c5fd053e5752cd39b2d199ff8b,Qwen/Qwen2.5-3B-Instruct,aa8e72537993ba99e69dfaafa59ed015b17504d1,36286467377
RESCS1C-C059:NEUTRAL_LOW,RESCS1C-C059,NEUTRAL_LOW,NEUTRAL,LOW,A,VALID,,B,False,-1.5,34.0,35.5,793,202,1,0,2,3,0,1,1,1,a5e09c6b1fad9242a50748e7e62f464b9214a8ee7a6ac3a2923bb1db829ddd11,Qwen/Qwen2.5-3B-Instruct,aa8e72537993ba99e69dfaafa59ed015b17504d1,36286467377
RESCS1C-C059:NONREL_CONTROL_HIGH,RESCS1C-C059,NONREL_CONTROL_HIGH,NON_RELATIONAL_CONTROL,HIGH,A,VALID,,B,False,-2.0,31.0,33.0,1198,291,1,22,5,9,4,3,4,4,999b741b9398dddcdf11054f2f98f66a7a70017f55835dec7ca8f590e0f92f0a,Qwen/Qwen2.5-3B-Instruct,aa8e72537993ba99e69dfaafa59ed015b17504d1,36286467377
RESCS1C-C059:CODE_MAPPED_LOW,RESCS1C-C059,CODE_MAPPED_LOW,CODE_MAPPED,LOW,A,VALID,,B,False,-2.0,36.75,38.75,776,194,1,115,2,3,0,1,1,1,82bebb32011c89030e0ab2a2ac21e17b1d7fcfbec4dad333c46ea805cf8e2e78,Qwen/Qwen2.5-3B-Instruct,aa8e72537993ba99e69dfaafa59ed015b17504d1,36286467377
RESCS1C-C059:CODE_MAPPED_HIGH,RESCS1C-C059,CODE_MAPPED_HIGH,CODE_MAPPED,HIGH,A,VALID,,B,False,0.5,35.75,35.25,1159,276,1,115,5,9,4,3,4,4,26771c917c6260874a4d834503b7ff0c4249327c04d94854747c2e0107ab07d7,Qwen/Qwen2.5-3B-Instruct,aa8e72537993ba99e69dfaafa59ed015b17504d1,36286467377
RESCS1C-C059:NEUTRAL_HIGH,RESCS1C-C059,NEUTRAL_HIGH,NEUTRAL,HIGH,A,VALID,,B,False,-2.0,30.75,32.75,1176,284,3,0,5,9,4,3,4,4,62354e66802918b878febc7447d91bc97526e515f72b44c2d7f280971a0bae79,Qwen/Qwen2.5-3B-Instruct,aa8e72537993ba99e69dfaafa59ed015b17504d1,36286467377
RESCS1C-C060:CODE_MAPPED_LOW,RESCS1C-C060,CODE_MAPPED_LOW,CODE_MAPPED,LOW,B,VALID,,B,True,8.125,31.125,39.25,779,195,1,115,2,3,0,1,1,1,4d12dedd2cf0bf4f862d997f682ab7fe2277def0ea1c6881e356746075e37958,Qwen/Qwen2.5-3B-Instruct,aa8e72537993ba99e69dfaafa59ed015b17504d1,36286467377
RESCS1C-C060:NEUTRAL_LOW,RESCS1C-C060,NEUTRAL_LOW,NEUTRAL,LOW,B,VALID,,B,True,-0.5,34.5,34.0,796,203,1,0,2,3,0,1,1,1,c8282718ff76318411cc33e5aaac43e2fa95a72f4c58b77f97a4c9ed93fb6bc8,Qwen/Qwen2.5-3B-Instruct,aa8e72537993ba99e69dfaafa59ed015b17504d1,36286467377
RESCS1C-C060:CODE_MAPPED_HIGH,RESCS1C-C060,CODE_MAPPED_HIGH,CODE_MAPPED,HIGH,B,VALID,,B,True,9.125,29.375,38.5,1162,277,1,115,5,9,4,3,4,4,3e0122add6e15b46309c529a4fd575a90dc0747812499b0ae662b9d001dc9bff,Qwen/Qwen2.5-3B-Instruct,aa8e72537993ba99e69dfaafa59ed015b17504d1,36286467377
RESCS1C-C060:NONREL_CONTROL_HIGH,RESCS1C-C060,NONREL_CONTROL_HIGH,NON_RELATIONAL_CONTROL,HIGH,B,VALID,,B,True,-0.25,32.5,32.25,1201,292,1,22,5,9,4,3,4,4,672817f49841a33b933a5715340b08d1a32df1233a1ed79842585dad2e27db92,Qwen/Qwen2.5-3B-Instruct,aa8e72537993ba99e69dfaafa59ed015b17504d1,36286467377
RESCS1C-C060:NEUTRAL_HIGH,RESCS1C-C060,NEUTRAL_HIGH,NEUTRAL,HIGH,B,VALID,,A,False,-1.75,33.0,31.25,1179,285,3,0,5,9,4,3,4,4,85e9cd97910f2918702294cb364e22438e56beba0eb8585783a65e774fa99f16,Qwen/Qwen2.5-3B-Instruct,aa8e72537993ba99e69dfaafa59ed015b17504d1,36286467377
RESCS1C-C061:NEUTRAL_LOW,RESCS1C-C061,NEUTRAL_LOW,NEUTRAL,LOW,A,VALID,,A,True,11.875,38.25,26.375,806,203,1,0,2,3,0,1,1,1,59da8d1aa35e23081410f9809178710f9a573290d5ba870c41ed3000bac008c0,Qwen/Qwen2.5-3B-Instruct,aa8e72537993ba99e69dfaafa59ed015b17504d1,36286467377
RESCS1C-C061:CODE_MAPPED_HIGH,RESCS1C-C061,CODE_MAPPED_HIGH,CODE_MAPPED,HIGH,A,VALID,,A,True,5.375,37.25,31.875,1169,277,1,117,5,9,4,3,4,4,f000c54c7e05052d6f327f94e0a2d28cdef96988fa23dbc4b787700a660d31fa,Qwen/Qwen2.5-3B-Instruct,aa8e72537993ba99e69dfaafa59ed015b17504d1,36286467377
RESCS1C-C061:NONREL_CONTROL_HIGH,RESCS1C-C061,NONREL_CONTROL_HIGH,NON_RELATIONAL_CONTROL,HIGH,A,VALID,,A,True,8.5,37.25,28.75,1211,292,1,22,5,9,4,3,4,4,78eda2046cc8df668c01f3d487cbf88fb18b0b5beddf48e743be84894db62307,Qwen/Qwen2.5-3B-Instruct,aa8e72537993ba99e69dfaafa59ed015b17504d1,36286467377
RESCS1C-C061:NEUTRAL_HIGH,RESCS1C-C061,NEUTRAL_HIGH,NEUTRAL,HIGH,A,VALID,,A,True,10.25,38.0,27.75,1189,285,1,0,5,9,4,3,4,4,44d2aa50eec2d131b069ec7987b6c18ca9ad3135bf8684bb31295343edb97dc2,Qwen/Qwen2.5-3B-Instruct,aa8e72537993ba99e69dfaafa59ed015b17504d1,36286467377
RESCS1C-C061:CODE_MAPPED_LOW,RESCS1C-C061,CODE_MAPPED_LOW,CODE_MAPPED,LOW,A,VALID,,A,True,10.5,38.0,27.5,786,195,1,117,2,3,0,1,1,1,c53a84744a6a3ae1c453a46609c697dee92c0a777b98063d2421bb9352eb1389,Qwen/Qwen2.5-3B-Instruct,aa8e72537993ba99e69dfaafa59ed015b17504d1,36286467377
RESCS1C-C062:CODE_MAPPED_HIGH,RESCS1C-C062,CODE_MAPPED_HIGH,CODE_MAPPED,HIGH,A,VALID,,B,False,-4.25,33.0,37.25,1161,276,1,115,5,9,4,3,4,4,0c2a36d4be4fc499c4acb664bba186d2081bab2c39811efd8a78c042c4453a8e,Qwen/Qwen2.5-3B-Instruct,aa8e72537993ba99e69dfaafa59ed015b17504d1,36286467377
RESCS1C-C062:NONREL_CONTROL_HIGH,RESCS1C-C062,NONREL_CONTROL_HIGH,NON_RELATIONAL_CONTROL,HIGH,A,VALID,,B,False,-3.875,30.625,34.5,1200,291,1,22,5,9,4,3,4,4,9a1cc99e9942b0dec1c5d892d1f686945e095ce8304955376ec5eb4b732061c7,Qwen/Qwen2.5-3B-Instruct,aa8e72537993ba99e69dfaafa59ed015b17504d1,36286467377
RESCS1C-C062:NEUTRAL_HIGH,RESCS1C-C062,NEUTRAL_HIGH,NEUTRAL,HIGH,A,VALID,,B,False,-3.125,30.625,33.75,1178,284,1,0,5,9,4,3,4,4,07e30591de7af7c7af3e07496c7eb72cb80eb24cbbec72fa5c20bc3d07ceb064,Qwen/Qwen2.5-3B-Instruct,aa8e72537993ba99e69dfaafa59ed015b17504d1,36286467377
RESCS1C-C062:CODE_MAPPED_LOW,RESCS1C-C062,CODE_MAPPED_LOW,CODE_MAPPED,LOW,A,VALID,,B,False,-5.75,33.75,39.5,778,194,1,115,2,3,0,1,1,1,ea96dff51a903deed08b0095d4a6949eb7ac98086ede6f933488afef01e680f1,Qwen/Qwen2.5-3B-Instruct,aa8e72537993ba99e69dfaafa59ed015b17504d1,36286467377
RESCS1C-C062:NEUTRAL_LOW,RESCS1C-C062,NEUTRAL_LOW,NEUTRAL,LOW,A,VALID,,B,False,-3.375,31.625,35.0,795,202,1,0,2,3,0,1,1,1,f5c59d0c77c50bcef9c020afd12d16933ad40b71cf04c7870e724acabc96bdd9,Qwen/Qwen2.5-3B-Instruct,aa8e72537993ba99e69dfaafa59ed015b17504d1,36286467377
RESCS1C-C063:NONREL_CONTROL_HIGH,RESCS1C-C063,NONREL_CONTROL_HIGH,NON_RELATIONAL_CONTROL,HIGH,B,VALID,,B,True,0.5,30.875,31.375,1200,291,3,22,5,9,4,3,4,4,cc508593a8211b3561c8696300979351ee76deffc205563286ffd155394292af,Qwen/Qwen2.5-3B-Instruct,aa8e72537993ba99e69dfaafa59ed015b17504d1,36286467377
RESCS1C-C063:NEUTRAL_HIGH,RESCS1C-C063,NEUTRAL_HIGH,NEUTRAL,HIGH,B,VALID,,B,True,0.125,30.625,30.75,1178,284,3,0,5,9,4,3,4,4,173202a6babbdaaf63adba37b14365c573dbe633ce30d15c9c98d7a7e1c7ccf1,Qwen/Qwen2.5-3B-Instruct,aa8e72537993ba99e69dfaafa59ed015b17504d1,36286467377
RESCS1C-C063:CODE_MAPPED_LOW,RESCS1C-C063,CODE_MAPPED_LOW,CODE_MAPPED,LOW,B,VALID,,B,True,-0.25,36.75,36.5,775,194,1,117,2,3,0,1,1,1,c8309e4b47825ac23038679b6dd8b734e42dcb377c246423cf832e7a8adabd25,Qwen/Qwen2.5-3B-Instruct,aa8e72537993ba99e69dfaafa59ed015b17504d1,36286467377
RESCS1C-C063:NEUTRAL_LOW,RESCS1C-C063,NEUTRAL_LOW,NEUTRAL,LOW,B,VALID,,B,True,0.25,33.25,33.5,795,202,3,0,2,3,0,1,1,1,f775ff0696e4891efde44c4e0380fdff49290d25c8461f8b10eb7756d0b00df1,Qwen/Qwen2.5-3B-Instruct,aa8e72537993ba99e69dfaafa59ed015b17504d1,36286467377
RESCS1C-C063:CODE_MAPPED_HIGH,RESCS1C-C063,CODE_MAPPED_HIGH,CODE_MAPPED,HIGH,B,VALID,,B,True,-1.25,35.5,34.25,1158,276,1,117,5,9,4,3,4,4,be4f4a587d0cfb690e74805113982ac112d975d359c21e6cc831f797b707fec0,Qwen/Qwen2.5-3B-Instruct,aa8e72537993ba99e69dfaafa59ed015b17504d1,36286467377
RESCS1C-C064:NEUTRAL_HIGH,RESCS1C-C064,NEUTRAL_HIGH,NEUTRAL,HIGH,A,VALID,,A,True,8.5,37.5,29.0,1188,284,1,0,5,9,4,3,4,4,b9ce46836fb80a321bf795aaabfb1f9111ef787f2a3989b154ddc3cf80dbf0da,Qwen/Qwen2.5-3B-Instruct,aa8e72537993ba99e69dfaafa59ed015b17504d1,36286467377
RESCS1C-C064:CODE_MAPPED_LOW,RESCS1C-C064,CODE_MAPPED_LOW,CODE_MAPPED,LOW,A,VALID,,A,True,12.0,39.5,27.5,788,194,1,115,2,3,0,1,1,1,31e6c13966e4674d63aa042d525878a16739a46c0c5cf9c4948f7d4ee4d8aa4a,Qwen/Qwen2.5-3B-Instruct,aa8e72537993ba99e69dfaafa59ed015b17504d1,36286467377
RESCS1C-C064:NEUTRAL_LOW,RESCS1C-C064,NEUTRAL_LOW,NEUTRAL,LOW,A,VALID,,A,True,11.625,38.25,26.625,805,202,1,0,2,3,0,1,1,1,09e2c2996398d0fb218898299445838cdfffd521a7d0ef6cb9616aec83e172fa,Qwen/Qwen2.5-3B-Instruct,aa8e72537993ba99e69dfaafa59ed015b17504d1,36286467377
RESCS1C-C064:CODE_MAPPED_HIGH,RESCS1C-C064,CODE_MAPPED_HIGH,CODE_MAPPED,HIGH,A,VALID,,A,True,9.0,37.25,28.25,1171,276,1,115,5,9,4,3,4,4,4db30c53d180d4abf79724c4b7e9c6be1c0247b7a3d3cbca3f3c7e63c70e0289,Qwen/Qwen2.5-3B-Instruct,aa8e72537993ba99e69dfaafa59ed015b17504d1,36286467377
RESCS1C-C064:NONREL_CONTROL_HIGH,RESCS1C-C064,NONREL_CONTROL_HIGH,NON_RELATIONAL_CONTROL,HIGH,A,VALID,,A,True,6.625,36.5,29.875,1210,291,1,22,5,9,4,3,4,4,b794d0878d5b9065968ed4d0abc4ecae703b3606a143d6b5bc43fa2c1f81e5b7,Qwen/Qwen2.5-3B-Instruct,aa8e72537993ba99e69dfaafa59ed015b17504d1,36286467377
RESCS1C-C065:NONREL_CONTROL_HIGH,RESCS1C-C065,NONREL_CONTROL_HIGH,NON_RELATIONAL_CONTROL,HIGH,A,VALID,,B,False,-2.0,32.25,34.25,1200,291,1,22,5,9,4,3,4,4,71d3c5794c329a38c2e9f9db83b21a43e18035b6aa359b8b88a6400ee4f3e95c,Qwen/Qwen2.5-3B-Instruct,aa8e72537993ba99e69dfaafa59ed015b17504d1,36286467377
RESCS1C-C065:CODE_MAPPED_HIGH,RESCS1C-C065,CODE_MAPPED_HIGH,CODE_MAPPED,HIGH,A,VALID,,A,True,2.75,37.25,34.5,1158,276,1,117,5,9,4,3,4,4,51911677d53969ff7cef61dd3edc64136bfcb9eb957f97055b2521ea3ea4ef0b,Qwen/Qwen2.5-3B-Instruct,aa8e72537993ba99e69dfaafa59ed015b17504d1,36286467377
RESCS1C-C065:CODE_MAPPED_LOW,RESCS1C-C065,CODE_MAPPED_LOW,CODE_MAPPED,LOW,A,VALID,,B,False,0.5,37.75,37.25,775,194,1,117,2,3,0,1,1,1,505ce86ae34348df0d426b5a56a2c05c3957da39dabda937b95c29f03a00034e,Qwen/Qwen2.5-3B-Instruct,aa8e72537993ba99e69dfaafa59ed015b17504d1,36286467377
RESCS1C-C065:NEUTRAL_LOW,RESCS1C-C065,NEUTRAL_LOW,NEUTRAL,LOW,A,VALID,,B,False,-0.5,35.0,35.5,795,202,1,0,2,3,0,1,1,1,3f1d08ff73f0c36be04297138e8fed4e7da69ac8f4dd43b2a265ea78cd4f9b94,Qwen/Qwen2.5-3B-Instruct,aa8e72537993ba99e69dfaafa59ed015b17504d1,36286467377
RESCS1C-C065:NEUTRAL_HIGH,RESCS1C-C065,NEUTRAL_HIGH,NEUTRAL,HIGH,A,VALID,,B,False,-1.5,32.5,34.0,1178,284,1,0,5,9,4,3,4,4,b7d89729d41b8b57561813ebf5307ea2d1f738b8a33c38155916d08c4c05a7e9,Qwen/Qwen2.5-3B-Instruct,aa8e72537993ba99e69dfaafa59ed015b17504d1,36286467377
RESCS1C-C066:CODE_MAPPED_HIGH,RESCS1C-C066,CODE_MAPPED_HIGH,CODE_MAPPED,HIGH,A,VALID,,A,True,3.25,36.75,33.5,1158,276,1,117,5,9,4,3,4,4,1668f8c023c7417ffae0ad136b0d34aba6b520add841040307d248a3b3766b71,Qwen/Qwen2.5-3B-Instruct,aa8e72537993ba99e69dfaafa59ed015b17504d1,36286467377
RESCS1C-C066:CODE_MAPPED_LOW,RESCS1C-C066,CODE_MAPPED_LOW,CODE_MAPPED,LOW,A,VALID,,A,True,6.75,37.5,30.75,775,194,1,117,2,3,0,1,1,1,2c27f13bfab31429fdea5ebdcaa3d507faf6b4525276f4e9c426dfbb5e5515d9,Qwen/Qwen2.5-3B-Instruct,aa8e72537993ba99e69dfaafa59ed015b17504d1,36286467377
RESCS1C-C066:NEUTRAL_LOW,RESCS1C-C066,NEUTRAL_LOW,NEUTRAL,LOW,A,VALID,,B,False,-2.5,34.0,36.5,795,202,1,0,2,3,0,1,1,1,c03c9337a329c18c40a55334d3ea0736e97e74e890a286caa510a81835ffc1d7,Qwen/Qwen2.5-3B-Instruct,aa8e72537993ba99e69dfaafa59ed015b17504d1,36286467377
RESCS1C-C066:NEUTRAL_HIGH,RESCS1C-C066,NEUTRAL_HIGH,NEUTRAL,HIGH,A,VALID,,B,False,-2.75,33.75,36.5,1178,284,1,0,5,9,4,3,4,4,108effe3a29436034693b0af6fdd4bb707cbc29ee49554340d9697333a1e05dd,Qwen/Qwen2.5-3B-Instruct,aa8e72537993ba99e69dfaafa59ed015b17504d1,36286467377
RESCS1C-C066:NONREL_CONTROL_HIGH,RESCS1C-C066,NONREL_CONTROL_HIGH,NON_RELATIONAL_CONTROL,HIGH,A,VALID,,B,False,-3.5,33.0,36.5,1200,291,1,22,5,9,4,3,4,4,7713f368ca2cefde3ca77f3a8ff3d9c32d1886155d04a8655078144b3a4d4b11,Qwen/Qwen2.5-3B-Instruct,aa8e72537993ba99e69dfaafa59ed015b17504d1,36286467377
RESCS1C-C067:CODE_MAPPED_LOW,RESCS1C-C067,CODE_MAPPED_LOW,CODE_MAPPED,LOW,B,VALID,,B,True,11.75,28.75,40.5,769,195,1,115,2,3,0,1,1,1,e172447860b52716e407d91f9732fc20b2978ca3f2df2957cf70b50343e466dd,Qwen/Qwen2.5-3B-Instruct,aa8e72537993ba99e69dfaafa59ed015b17504d1,36286467377
RESCS1C-C067:NEUTRAL_LOW,RESCS1C-C067,NEUTRAL_LOW,NEUTRAL,LOW,B,VALID,,B,True,7.0,30.5,37.5,786,203,1,0,2,3,0,1,1,1,a9df780c7db711011ce1e321ceb19d408a23edddb3912e99e7c0795f6567fd63,Qwen/Qwen2.5-3B-Instruct,aa8e72537993ba99e69dfaafa59ed015b17504d1,36286467377
RESCS1C-C067:NEUTRAL_HIGH,RESCS1C-C067,NEUTRAL_HIGH,NEUTRAL,HIGH,B,VALID,,B,True,6.875,29.625,36.5,1169,285,1,0,5,9,4,3,4,4,27113b861daeea7ff4df1411a609ae3b15aaf1dc759bd88f0eaff0261a2eb7ca,Qwen/Qwen2.5-3B-Instruct,aa8e72537993ba99e69dfaafa59ed015b17504d1,36286467377
RESCS1C-C067:NONREL_CONTROL_HIGH,RESCS1C-C067,NONREL_CONTROL_HIGH,NON_RELATIONAL_CONTROL,HIGH,B,VALID,,B,True,5.875,30.625,36.5,1191,292,1,22,5,9,4,3,4,4,c46d0d797d54f4ba94548a5b9c4a4b1cfdb4c60794124d81b27721de8966a107,Qwen/Qwen2.5-3B-Instruct,aa8e72537993ba99e69dfaafa59ed015b17504d1,36286467377
RESCS1C-C067:CODE_MAPPED_HIGH,RESCS1C-C067,CODE_MAPPED_HIGH,CODE_MAPPED,HIGH,B,VALID,,B,True,10.5,28.5,39.0,1152,277,1,115,5,9,4,3,4,4,b33e90dbcfc10faa7b8c588af6e78548ea14191d641948b175bbe3863c14239a,Qwen/Qwen2.5-3B-Instruct,aa8e72537993ba99e69dfaafa59ed015b17504d1,36286467377
RESCS1C-C068:NEUTRAL_LOW,RESCS1C-C068,NEUTRAL_LOW,NEUTRAL,LOW,B,VALID,,B,True,1.0,34.0,35.0,798,203,1,0,2,3,0,1,1,1,7d0fc16e03bd090a14e4193f3ee8b4e6b00150647134eac7cf5ed2e188e98bd7,Qwen/Qwen2.5-3B-Instruct,aa8e72537993ba99e69dfaafa59ed015b17504d1,36286467377
RESCS1C-C068:NEUTRAL_HIGH,RESCS1C-C068,NEUTRAL_HIGH,NEUTRAL,HIGH,B,VALID,,B,True,0.875,31.625,32.5,1181,285,1,0,5,9,4,3,4,4,b8d7c496699364569fa2762640f97319199da320db469a6d046e714a753449ad,Qwen/Qwen2.5-3B-Instruct,aa8e72537993ba99e69dfaafa59ed015b17504d1,36286467377
RESCS1C-C068:NONREL_CONTROL_HIGH,RESCS1C-C068,NONREL_CONTROL_HIGH,NON_RELATIONAL_CONTROL,HIGH,B,VALID,,B,True,1.5,31.25,32.75,1203,292,1,22,5,9,4,3,4,4,dea19cc7f8d375d3e60319b140a463f4ce9bf013d066b126f90cb9300eb86b6c,Qwen/Qwen2.5-3B-Instruct,aa8e72537993ba99e69dfaafa59ed015b17504d1,36286467377
RESCS1C-C068:CODE_MAPPED_HIGH,RESCS1C-C068,CODE_MAPPED_HIGH,CODE_MAPPED,HIGH,B,VALID,,B,True,-1.0,35.5,34.5,1161,277,1,117,5,9,4,3,4,4,087a780e8b6a93a8e81d6db83eeeb95a487399d27ee65d1bf2d8eb9e7ae8149d,Qwen/Qwen2.5-3B-Instruct,aa8e72537993ba99e69dfaafa59ed015b17504d1,36286467377
RESCS1C-C068:CODE_MAPPED_LOW,RESCS1C-C068,CODE_MAPPED_LOW,CODE_MAPPED,LOW,B,VALID,,B,True,0.25,36.75,37.0,778,195,1,117,2,3,0,1,1,1,22edf44c8acfda8773e9da928642564c09213d7dac085c7baaabf3a838704678,Qwen/Qwen2.5-3B-Instruct,aa8e72537993ba99e69dfaafa59ed015b17504d1,36286467377
RESCS1C-C069:NEUTRAL_HIGH,RESCS1C-C069,NEUTRAL_HIGH,NEUTRAL,HIGH,A,VALID,,B,False,1.0,33.75,32.75,1169,285,1,0,5,9,4,3,4,4,3a0c071694637d597965b4457c3dc5ad12b9fd9a9bf77ed9beda8c8fc6ff2768,Qwen/Qwen2.5-3B-Instruct,aa8e72537993ba99e69dfaafa59ed015b17504d1,36324399210
RESCS1C-C069:NONREL_CONTROL_HIGH,RESCS1C-C069,NONREL_CONTROL_HIGH,NON_RELATIONAL_CONTROL,HIGH,A,VALID,,B,False,1.5,34.0,32.5,1191,292,1,22,5,9,4,3,4,4,f9b28688e803d4c622283c321685a5c4d2d110371cda21c270e3fcb0ae8ed479,Qwen/Qwen2.5-3B-Instruct,aa8e72537993ba99e69dfaafa59ed015b17504d1,36324399210
RESCS1C-C069:CODE_MAPPED_HIGH,RESCS1C-C069,CODE_MAPPED_HIGH,CODE_MAPPED,HIGH,A,VALID,,A,True,4.75,38.25,33.5,1152,277,1,115,5,9,4,3,4,4,6d51c602f974286bc4763d9245bc16b4e9c7d2b5e6bade3531b216362affcfa5,Qwen/Qwen2.5-3B-Instruct,aa8e72537993ba99e69dfaafa59ed015b17504d1,36324399210
RESCS1C-C069:CODE_MAPPED_LOW,RESCS1C-C069,CODE_MAPPED_LOW,CODE_MAPPED,LOW,A,VALID,,B,False,0.75,38.75,38.0,769,195,1,115,2,3,0,1,1,1,d01edee5371b9e657de309543d224d3cdc54a61a54122aab8bf6256a417ff6ad,Qwen/Qwen2.5-3B-Instruct,aa8e72537993ba99e69dfaafa59ed015b17504d1,36324399210
RESCS1C-C069:NEUTRAL_LOW,RESCS1C-C069,NEUTRAL_LOW,NEUTRAL,LOW,A,VALID,,B,False,1.5,36.25,34.75,786,203,1,0,2,3,0,1,1,1,583e8c40b53ffc43f8b13c9b2c11518ca579a1324e36b362f1b8b589abce2fc6,Qwen/Qwen2.5-3B-Instruct,aa8e72537993ba99e69dfaafa59ed015b17504d1,36324399210
RESCS1C-C070:NEUTRAL_HIGH,RESCS1C-C070,NEUTRAL_HIGH,NEUTRAL,HIGH,A,VALID,,B,False,-0.5,34.75,35.25,1178,284,1,0,5,9,4,3,4,4,3d26323c08bf13ab10072f6ec57e2ee5ecd4d3f135d05ad75c0d1643de2c4447,Qwen/Qwen2.5-3B-Instruct,aa8e72537993ba99e69dfaafa59ed015b17504d1,36324399210
RESCS1C-C070:CODE_MAPPED_LOW,RESCS1C-C070,CODE_MAPPED_LOW,CODE_MAPPED,LOW,A,VALID,,B,False,0.25,36.25,36.0,778,194,1,115,2,3,0,1,1,1,16e1e747a8a9de56e38862f5be00a38d58b7c6e61de8bc69e704c33cbf47a644,Qwen/Qwen2.5-3B-Instruct,aa8e72537993ba99e69dfaafa59ed015b17504d1,36324399210
RESCS1C-C070:CODE_MAPPED_HIGH,RESCS1C-C070,CODE_MAPPED_HIGH,CODE_MAPPED,HIGH,A,VALID,,B,False,0.0,36.0,36.0,1161,276,1,115,5,9,4,3,4,4,89a81f7ad315e2b59e0049fd54ae1de79ae6eb3785045e30c95ef9a8cd1db3ee,Qwen/Qwen2.5-3B-Instruct,aa8e72537993ba99e69dfaafa59ed015b17504d1,36324399210
RESCS1C-C070:NEUTRAL_LOW,RESCS1C-C070,NEUTRAL_LOW,NEUTRAL,LOW,A,VALID,,A,True,6.75,36.5,29.75,795,202,1,0,2,3,0,1,1,1,cc9fac2d7ec73668a0dde82b4c7f241dab2f5b8ae169dfa7c17def337085a950,Qwen/Qwen2.5-3B-Instruct,aa8e72537993ba99e69dfaafa59ed015b17504d1,36324399210
RESCS1C-C070:NONREL_CONTROL_HIGH,RESCS1C-C070,NONREL_CONTROL_HIGH,NON_RELATIONAL_CONTROL,HIGH,A,VALID,,B,False,-2.0,34.0,36.0,1200,291,1,22,5,9,4,3,4,4,5f6b8faa2a8a7526b4fe7cf30227a1eface5ee791221acd9921d2c27c9689df7,Qwen/Qwen2.5-3B-Instruct,aa8e72537993ba99e69dfaafa59ed015b17504d1,36324399210
RESCS1C-C071:CODE_MAPPED_LOW,RESCS1C-C071,CODE_MAPPED_LOW,CODE_MAPPED,LOW,B,VALID,,B,True,2.25,32.25,34.5,776,195,3,117,2,3,0,1,1,1,ffd4ffd19ad84f7596aff8d5cdbd170c0e10a6ec6f58669fad9c4dbd28103fd8,Qwen/Qwen2.5-3B-Instruct,aa8e72537993ba99e69dfaafa59ed015b17504d1,36324399210
RESCS1C-C071:CODE_MAPPED_HIGH,RESCS1C-C071,CODE_MAPPED_HIGH,CODE_MAPPED,HIGH,B,VALID,,B,True,0.25,34.25,34.5,1159,277,1,117,5,9,4,3,4,4,767f8f8cfb827971569adfac546718ee9743d9abcc217d53706617ca58056c3f,Qwen/Qwen2.5-3B-Instruct,aa8e72537993ba99e69dfaafa59ed015b17504d1,36324399210
RESCS1C-C071:NEUTRAL_LOW,RESCS1C-C071,NEUTRAL_LOW,NEUTRAL,LOW,B,VALID,,B,True,1.5,33.25,34.75,796,203,1,0,2,3,0,1,1,1,fc6160b23ff4cde75acf290a406b3a308489f24387293fdea705ac6d48c23a0e,Qwen/Qwen2.5-3B-Instruct,aa8e72537993ba99e69dfaafa59ed015b17504d1,36324399210
RESCS1C-C071:NONREL_CONTROL_HIGH,RESCS1C-C071,NONREL_CONTROL_HIGH,NON_RELATIONAL_CONTROL,HIGH,B,VALID,,B,True,1.375,31.875,33.25,1201,292,1,22,5,9,4,3,4,4,cd0438e2a5cb83aa9458d0cbcecaf5066a575c247c3a0ff112b53ad638997d31,Qwen/Qwen2.5-3B-Instruct,aa8e72537993ba99e69dfaafa59ed015b17504d1,36324399210
RESCS1C-C071:NEUTRAL_HIGH,RESCS1C-C071,NEUTRAL_HIGH,NEUTRAL,HIGH,B,VALID,,B,True,0.5,32.75,33.25,1179,285,1,0,5,9,4,3,4,4,4b03b8b5b056c2c1d5ef2bb942dc67159021e83dbe98944724332dbfd5a4338a,Qwen/Qwen2.5-3B-Instruct,aa8e72537993ba99e69dfaafa59ed015b17504d1,36324399210
RESCS1C-C072:CODE_MAPPED_HIGH,RESCS1C-C072,CODE_MAPPED_HIGH,CODE_MAPPED,HIGH,A,VALID,,B,False,-6.875,31.125,38.0,1162,277,1,115,5,9,4,3,4,4,479aceab77ddfbc0e8bf2fde0c4fb11754eb53c34f42a23d9a73a714b8317da1,Qwen/Qwen2.5-3B-Instruct,aa8e72537993ba99e69dfaafa59ed015b17504d1,36286467377
RESCS1C-C072:NEUTRAL_LOW,RESCS1C-C072,NEUTRAL_LOW,NEUTRAL,LOW,A,VALID,,B,False,-4.5,31.0,35.5,796,203,1,0,2,3,0,1,1,1,4065e33918e4a4b78294a159bcbb09732dd85e5df516f4bba44a7ba321c834d7,Qwen/Qwen2.5-3B-Instruct,aa8e72537993ba99e69dfaafa59ed015b17504d1,36286467377
RESCS1C-C072:NONREL_CONTROL_HIGH,RESCS1C-C072,NONREL_CONTROL_HIGH,NON_RELATIONAL_CONTROL,HIGH,A,VALID,,B,False,-6.125,29.125,35.25,1201,292,1,22,5,9,4,3,4,4,4e24a543e05b7394acf56c2bb22aba06eab0f8037c2f710d0e63c83ac76cff10,Qwen/Qwen2.5-3B-Instruct,aa8e72537993ba99e69dfaafa59ed015b17504d1,36286467377
RESCS1C-C072:NEUTRAL_HIGH,RESCS1C-C072,NEUTRAL_HIGH,NEUTRAL,HIGH,A,VALID,,B,False,-5.875,29.625,35.5,1179,285,1,0,5,9,4,3,4,4,fd9fe1158a410ba402eec90e16790a8a1d9724ed6838c51dd628d29b80ef593c,Qwen/Qwen2.5-3B-Instruct,aa8e72537993ba99e69dfaafa59ed015b17504d1,36286467377
RESCS1C-C072:CODE_MAPPED_LOW,RESCS1C-C072,CODE_MAPPED_LOW,CODE_MAPPED,LOW,A,VALID,,B,False,-8.25,32.25,40.5,779,195,1,115,2,3,0,1,1,1,66933012382ec386e6ebd1d31b28ec06fa9f56272cb86d57abed16d801872035,Qwen/Qwen2.5-3B-Instruct,aa8e72537993ba99e69dfaafa59ed015b17504d1,36286467377
RESCS1C-C073:NEUTRAL_LOW,RESCS1C-C073,NEUTRAL_LOW,NEUTRAL,LOW,A,VALID,,A,True,12.875,38.25,25.375,806,203,1,0,2,3,0,1,1,1,58496e14ac9913ceb9610033b606c0fab82b0bade0cc455520fb77c54a6257d1,Qwen/Qwen2.5-3B-Instruct,aa8e72537993ba99e69dfaafa59ed015b17504d1,36286467377
RESCS1C-C073:NONREL_CONTROL_HIGH,RESCS1C-C073,NONREL_CONTROL_HIGH,NON_RELATIONAL_CONTROL,HIGH,A,VALID,,A,True,8.625,37.25,28.625,1211,292,1,22,5,9,4,3,4,4,1d7456da9389c49250c89acf9b086f6f96d3113152b2255bc970e24cd3d5df7f,Qwen/Qwen2.5-3B-Instruct,aa8e72537993ba99e69dfaafa59ed015b17504d1,36286467377
RESCS1C-C073:NEUTRAL_HIGH,RESCS1C-C073,NEUTRAL_HIGH,NEUTRAL,HIGH,A,VALID,,A,True,10.0,38.0,28.0,1189,285,1,0,5,9,4,3,4,4,71128b338740845675787d79a159490337f12246551bcee6bbd7c4d8c0a137c5,Qwen/Qwen2.5-3B-Instruct,aa8e72537993ba99e69dfaafa59ed015b17504d1,36286467377
RESCS1C-C073:CODE_MAPPED_LOW,RESCS1C-C073,CODE_MAPPED_LOW,CODE_MAPPED,LOW,A,VALID,,A,True,9.875,37.25,27.375,786,195,3,117,2,3,0,1,1,1,7e859ddb3579674c3a6765af16ffc0e8313667de3c7cc2a33c261c81879677f6,Qwen/Qwen2.5-3B-Instruct,aa8e72537993ba99e69dfaafa59ed015b17504d1,36286467377
RESCS1C-C073:CODE_MAPPED_HIGH,RESCS1C-C073,CODE_MAPPED_HIGH,CODE_MAPPED,HIGH,A,VALID,,A,True,5.5,37.0,31.5,1169,277,1,117,5,9,4,3,4,4,a409696985320c6491b9c97afbfd84afc97b33215ab190dc278c65599e9717d0,Qwen/Qwen2.5-3B-Instruct,aa8e72537993ba99e69dfaafa59ed015b17504d1,36286467377
RESCS1C-C074:NONREL_CONTROL_HIGH,RESCS1C-C074,NONREL_CONTROL_HIGH,NON_RELATIONAL_CONTROL,HIGH,B,VALID,,A,False,3.5,29.5,33.0,1201,292,3,22,5,9,4,3,4,4,b96dd9965e489b526e9fc8c6cfd821fb5dacb65ae93352324074aaf1ef422a76,Qwen/Qwen2.5-3B-Instruct,aa8e72537993ba99e69dfaafa59ed015b17504d1,36286467377
RESCS1C-C074:NEUTRAL_HIGH,RESCS1C-C074,NEUTRAL_HIGH,NEUTRAL,HIGH,B,VALID,,B,True,3.0,30.0,33.0,1179,285,1,0,5,9,4,3,4,4,46ab68432f67c9d7498de40c009d42184c4d35183293074c2445a1a7068426a3,Qwen/Qwen2.5-3B-Instruct,aa8e72537993ba99e69dfaafa59ed015b17504d1,36286467377
RESCS1C-C074:CODE_MAPPED_LOW,RESCS1C-C074,CODE_MAPPED_LOW,CODE_MAPPED,LOW,B,VALID,,B,True,2.25,36.75,39.0,779,195,1,115,2,3,0,1,1,1,1bd650efbe3122028fbc725e525ecd91981fc8e27750f375896ff007622c1c2e,Qwen/Qwen2.5-3B-Instruct,aa8e72537993ba99e69dfaafa59ed015b17504d1,36286467377
RESCS1C-C074:CODE_MAPPED_HIGH,RESCS1C-C074,CODE_MAPPED_HIGH,CODE_MAPPED,HIGH,B,VALID,,B,True,-0.25,35.5,35.25,1162,277,1,115,5,9,4,3,4,4,1b3ac255cef45e9f7ca71b36033c4ef4a649e917f011ed68b90c9f1f4b122edd,Qwen/Qwen2.5-3B-Instruct,aa8e72537993ba99e69dfaafa59ed015b17504d1,36286467377
RESCS1C-C074:NEUTRAL_LOW,RESCS1C-C074,NEUTRAL_LOW,NEUTRAL,LOW,B,VALID,,B,True,2.0,33.25,35.25,796,203,1,0,2,3,0,1,1,1,7ec02c15e4040ed089141c176ad29d5f854613ae134bf173636bf5dabd6b4936,Qwen/Qwen2.5-3B-Instruct,aa8e72537993ba99e69dfaafa59ed015b17504d1,36286467377
RESCS1C-C075:NEUTRAL_LOW,RESCS1C-C075,NEUTRAL_LOW,NEUTRAL,LOW,B,VALID,,B,True,1.0,33.75,34.75,795,202,1,0,2,3,0,1,1,1,823b8e08d2f02735471c28df8e1e60e7f26d30ff769a59134e353a9a0b29038a,Qwen/Qwen2.5-3B-Instruct,aa8e72537993ba99e69dfaafa59ed015b17504d1,36286467377
RESCS1C-C075:NEUTRAL_HIGH,RESCS1C-C075,NEUTRAL_HIGH,NEUTRAL,HIGH,B,VALID,,A,False,-2.375,32.5,30.125,1178,284,3,0,5,9,4,3,4,4,b2adeac056332be40e37bb7ca5e49ba0ae7e86e51573c0db830a64520826dd68,Qwen/Qwen2.5-3B-Instruct,aa8e72537993ba99e69dfaafa59ed015b17504d1,36286467377
RESCS1C-C075:CODE_MAPPED_HIGH,RESCS1C-C075,CODE_MAPPED_HIGH,CODE_MAPPED,HIGH,B,VALID,,B,True,7.125,31.375,38.5,1158,276,1,117,5,9,4,3,4,4,877b8f5f9f6b94d4f77af7d6ea52d9c126eecf6e49b347c9e743252097971954,Qwen/Qwen2.5-3B-Instruct,aa8e72537993ba99e69dfaafa59ed015b17504d1,36286467377
RESCS1C-C075:CODE_MAPPED_LOW,RESCS1C-C075,CODE_MAPPED_LOW,CODE_MAPPED,LOW,B,VALID,,B,True,5.75,33.0,38.75,775,194,1,117,2,3,0,1,1,1,554088a0b41fcd4dfc29a1f0e351d5903311a2b9ed75d391d9ef8b4a745f67ad,Qwen/Qwen2.5-3B-Instruct,aa8e72537993ba99e69dfaafa59ed015b17504d1,36286467377
RESCS1C-C075:NONREL_CONTROL_HIGH,RESCS1C-C075,NONREL_CONTROL_HIGH,NON_RELATIONAL_CONTROL,HIGH,B,VALID,,A,False,-1.75,32.5,30.75,1200,291,1,22,5,9,4,3,4,4,06e9fb7a999b578870036c5272afdc00e4ce8a229ac1a7c6689d8f8d9571e74e,Qwen/Qwen2.5-3B-Instruct,aa8e72537993ba99e69dfaafa59ed015b17504d1,36286467377
RESCS1C-C076:NEUTRAL_HIGH,RESCS1C-C076,NEUTRAL_HIGH,NEUTRAL,HIGH,B,VALID,,B,True,1.0,32.5,33.5,1188,284,1,0,5,9,4,3,4,4,952d731c890d2ce10b42a107cf7f0ec7f2256d83ed3563a8b514069b9e30033a,Qwen/Qwen2.5-3B-Instruct,aa8e72537993ba99e69dfaafa59ed015b17504d1,36286467377
RESCS1C-C076:CODE_MAPPED_HIGH,RESCS1C-C076,CODE_MAPPED_HIGH,CODE_MAPPED,HIGH,B,VALID,,B,True,1.5,32.5,34.0,1168,276,3,117,5,9,4,3,4,4,dc5b8f48552b2ed14e7dc5e28710b346d2aee9176bc498a0e1df28e9e0a2d7e0,Qwen/Qwen2.5-3B-Instruct,aa8e72537993ba99e69dfaafa59ed015b17504d1,36286467377
RESCS1C-C076:CODE_MAPPED_LOW,RESCS1C-C076,CODE_MAPPED_LOW,CODE_MAPPED,LOW,B,VALID,,B,True,2.75,30.25,33.0,785,194,3,117,2,3,0,1,1,1,962618739b899bf32100cc3a96d49c1ff0378954bfe03a31d702d383a684f85b,Qwen/Qwen2.5-3B-Instruct,aa8e72537993ba99e69dfaafa59ed015b17504d1,36286467377
RESCS1C-C076:NONREL_CONTROL_HIGH,RESCS1C-C076,NONREL_CONTROL_HIGH,NON_RELATIONAL_CONTROL,HIGH,B,VALID,,B,True,1.5,32.25,33.75,1210,291,1,22,5,9,4,3,4,4,7103813a41c6c228433451538c1d8107115d2be3fd1fa0d9e6b856babf92fa99,Qwen/Qwen2.5-3B-Instruct,aa8e72537993ba99e69dfaafa59ed015b17504d1,36286467377
RESCS1C-C076:NEUTRAL_LOW,RESCS1C-C076,NEUTRAL_LOW,NEUTRAL,LOW,B,VALID,,B,True,2.25,33.0,35.25,805,202,1,0,2,3,0,1,1,1,89f0bccd1f3721adfcb80e1491c5396f5480246d03f44d8c0b555f696f30397d,Qwen/Qwen2.5-3B-Instruct,aa8e72537993ba99e69dfaafa59ed015b17504d1,36286467377
RESCS1C-C077:CODE_MAPPED_HIGH,RESCS1C-C077,CODE_MAPPED_HIGH,CODE_MAPPED,HIGH,B,VALID,,B,True,6.875,29.875,36.75,1160,277,1,115,5,9,4,3,4,4,29a7be8665d46724559f789f7f3f58c0ad9ee745132fe8c7dae6af46993b7aa2,Qwen/Qwen2.5-3B-Instruct,aa8e72537993ba99e69dfaafa59ed015b17504d1,36324399210
RESCS1C-C077:CODE_MAPPED_LOW,RESCS1C-C077,CODE_MAPPED_LOW,CODE_MAPPED,LOW,B,VALID,,B,True,9.25,31.0,40.25,777,195,1,115,2,3,0,1,1,1,94099ea25d78b36e4b982b9b914afd7c8e22a03502c33acd391c472e8a3c395b,Qwen/Qwen2.5-3B-Instruct,aa8e72537993ba99e69dfaafa59ed015b17504d1,36324399210
RESCS1C-C077:NONREL_CONTROL_HIGH,RESCS1C-C077,NONREL_CONTROL_HIGH,NON_RELATIONAL_CONTROL,HIGH,B,VALID,,B,True,4.875,29.625,34.5,1199,292,1,22,5,9,4,3,4,4,15b45d537019f499bec5b77ed6a3c3f12ec5bdd912c8b5caa684c510b8e8d7f3,Qwen/Qwen2.5-3B-Instruct,aa8e72537993ba99e69dfaafa59ed015b17504d1,36324399210
RESCS1C-C077:NEUTRAL_LOW,RESCS1C-C077,NEUTRAL_LOW,NEUTRAL,LOW,B,VALID,,B,True,2.375,30.875,33.25,794,203,1,0,2,3,0,1,1,1,47a7ddfe9752c7510fe69b06059e11bf9f61f0d44c0117d3aa8748c0510f5052,Qwen/Qwen2.5-3B-Instruct,aa8e72537993ba99e69dfaafa59ed015b17504d1,36324399210
RESCS1C-C077:NEUTRAL_HIGH,RESCS1C-C077,NEUTRAL_HIGH,NEUTRAL,HIGH,B,VALID,,B,True,4.625,29.375,34.0,1177,285,1,0,5,9,4,3,4,4,6b9183ab43f37dab2b57eb1c7a3ec670beafe989a53ae142abac64bd31c083ae,Qwen/Qwen2.5-3B-Instruct,aa8e72537993ba99e69dfaafa59ed015b17504d1,36324399210
RESCS1C-C078:CODE_MAPPED_LOW,RESCS1C-C078,CODE_MAPPED_LOW,CODE_MAPPED,LOW,A,VALID,,B,False,-2.25,34.0,36.25,778,195,1,117,2,3,0,1,1,1,7c8e56971597b5a67be256ffb198bb917ca770ccd11a5caddd0e82f9c07351b5,Qwen/Qwen2.5-3B-Instruct,aa8e72537993ba99e69dfaafa59ed015b17504d1,36324399210
RESCS1C-C078:NONREL_CONTROL_HIGH,RESCS1C-C078,NONREL_CONTROL_HIGH,NON_RELATIONAL_CONTROL,HIGH,A,VALID,,B,False,-4.125,30.125,34.25,1203,292,1,22,5,9,4,3,4,4,078139cf8396f55334e44e93e649ed26c33b52b7fb954792d2093556f4ed85b7,Qwen/Qwen2.5-3B-Instruct,aa8e72537993ba99e69dfaafa59ed015b17504d1,36324399210
RESCS1C-C078:NEUTRAL_LOW,RESCS1C-C078,NEUTRAL_LOW,NEUTRAL,LOW,A,VALID,,B,False,-3.0,32.5,35.5,798,203,1,0,2,3,0,1,1,1,8eb36db772592229ffa574a8de6f1a70712a403c460cd366784e114878e1e59b,Qwen/Qwen2.5-3B-Instruct,aa8e72537993ba99e69dfaafa59ed015b17504d1,36324399210
RESCS1C-C078:NEUTRAL_HIGH,RESCS1C-C078,NEUTRAL_HIGH,NEUTRAL,HIGH,A,VALID,,B,False,-3.0,31.25,34.25,1181,285,1,0,5,9,4,3,4,4,ef1605237751e60ce30c5b3dab6e6b0b7594390cbf10c6f4327eb24511413d05,Qwen/Qwen2.5-3B-Instruct,aa8e72537993ba99e69dfaafa59ed015b17504d1,36324399210
RESCS1C-C078:CODE_MAPPED_HIGH,RESCS1C-C078,CODE_MAPPED_HIGH,CODE_MAPPED,HIGH,A,VALID,,B,False,-2.25,32.75,35.0,1161,277,1,117,5,9,4,3,4,4,9e2a1b69d45bf2ac70b2347eda21982614c9a83e3791089c9d90b5044a4daf69,Qwen/Qwen2.5-3B-Instruct,aa8e72537993ba99e69dfaafa59ed015b17504d1,36324399210
RESCS1C-C079:NONREL_CONTROL_HIGH,RESCS1C-C079,NONREL_CONTROL_HIGH,NON_RELATIONAL_CONTROL,HIGH,B,VALID,,B,True,-0.5,32.5,32.0,1200,291,1,22,5,9,4,3,4,4,c818ea92a73faecd048baac0f1bf13549591fe8bf6f974aa0b126eb05695cbf8,Qwen/Qwen2.5-3B-Instruct,aa8e72537993ba99e69dfaafa59ed015b17504d1,36324399210
RESCS1C-C079:NEUTRAL_LOW,RESCS1C-C079,NEUTRAL_LOW,NEUTRAL,LOW,B,VALID,,B,True,1.5,33.25,34.75,795,202,1,0,2,3,0,1,1,1,f2c9f7c3fb67639f1e1f11718cf2bf7fc57064e5634d337624454da70355fc72,Qwen/Qwen2.5-3B-Instruct,aa8e72537993ba99e69dfaafa59ed015b17504d1,36324399210
RESCS1C-C079:NEUTRAL_HIGH,RESCS1C-C079,NEUTRAL_HIGH,NEUTRAL,HIGH,B,VALID,,A,False,-1.0,32.25,31.25,1178,284,3,0,5,9,4,3,4,4,95df5cc0fb24ea6d7b55be36a5dae89ef06a76f6aac6815fcf85e0bf5d597d65,Qwen/Qwen2.5-3B-Instruct,aa8e72537993ba99e69dfaafa59ed015b17504d1,36324399210
RESCS1C-C079:CODE_MAPPED_HIGH,RESCS1C-C079,CODE_MAPPED_HIGH,CODE_MAPPED,HIGH,B,VALID,,B,True,10.375,28.125,38.5,1161,276,1,115,5,9,4,3,4,4,949b86dbbc1a724480870d15a74cc06ee137d889e9e5bf10805e1c138a18a30a,Qwen/Qwen2.5-3B-Instruct,aa8e72537993ba99e69dfaafa59ed015b17504d1,36324399210
RESCS1C-C079:CODE_MAPPED_LOW,RESCS1C-C079,CODE_MAPPED_LOW,CODE_MAPPED,LOW,B,VALID,,B,True,8.0,31.25,39.25,778,194,1,115,2,3,0,1,1,1,e32e1dc5a1b8c54e9ae11346244d61991ea6f0e9becc3e5e293b3a0c44848082,Qwen/Qwen2.5-3B-Instruct,aa8e72537993ba99e69dfaafa59ed015b17504d1,36324399210
RESCS1C-C080:NEUTRAL_LOW,RESCS1C-C080,NEUTRAL_LOW,NEUTRAL,LOW,B,VALID,,B,True,0.0,35.75,35.75,793,202,1,0,2,3,0,1,1,1,6d3eea04129ea35afe0604bf1177bccd076ed3a026e4134aaa4ae2b14482f6c9,Qwen/Qwen2.5-3B-Instruct,aa8e72537993ba99e69dfaafa59ed015b17504d1,36286467377
RESCS1C-C080:CODE_MAPPED_LOW,RESCS1C-C080,CODE_MAPPED_LOW,CODE_MAPPED,LOW,B,VALID,,B,True,2.0,35.75,37.75,776,194,1,115,2,3,0,1,1,1,78a5184eb50ed4edbe39c5a7a1093724ed6603c2502f62b359e079fe489c5b45,Qwen/Qwen2.5-3B-Instruct,aa8e72537993ba99e69dfaafa59ed015b17504d1,36286467377
RESCS1C-C080:NEUTRAL_HIGH,RESCS1C-C080,NEUTRAL_HIGH,NEUTRAL,HIGH,B,VALID,,B,True,-0.25,33.5,33.25,1176,284,1,0,5,9,4,3,4,4,752bf912cac37bd54475656fcbabe2a6211d1812bb38f6cf9ee0daf8d29ea837,Qwen/Qwen2.5-3B-Instruct,aa8e72537993ba99e69dfaafa59ed015b17504d1,36286467377
RESCS1C-C080:CODE_MAPPED_HIGH,RESCS1C-C080,CODE_MAPPED_HIGH,CODE_MAPPED,HIGH,B,VALID,,B,True,1.75,33.0,34.75,1159,276,1,115,5,9,4,3,4,4,bb491fe8dd54ab2c2ef4e57dfb977d369f9dff2b39e152794f28031fc5cb2a2a,Qwen/Qwen2.5-3B-Instruct,aa8e72537993ba99e69dfaafa59ed015b17504d1,36286467377
RESCS1C-C080:NONREL_CONTROL_HIGH,RESCS1C-C080,NONREL_CONTROL_HIGH,NON_RELATIONAL_CONTROL,HIGH,B,VALID,,B,True,0.75,33.25,34.0,1198,291,1,22,5,9,4,3,4,4,824e0b2cd27d9f0141b052ca7dd32d58d463d460b6856bf5004464668027a21c,Qwen/Qwen2.5-3B-Instruct,aa8e72537993ba99e69dfaafa59ed015b17504d1,36286467377
RESCS1C-C081:CODE_MAPPED_LOW,RESCS1C-C081,CODE_MAPPED_LOW,CODE_MAPPED,LOW,A,VALID,,B,False,1.5,38.5,37.0,776,194,1,115,2,3,0,1,1,1,e369e006c26439397075498ca219cf8d4a9cda0f04ce52e25bc04c6547b0bf53,Qwen/Qwen2.5-3B-Instruct,aa8e72537993ba99e69dfaafa59ed015b17504d1,36286467377
RESCS1C-C081:NEUTRAL_HIGH,RESCS1C-C081,NEUTRAL_HIGH,NEUTRAL,HIGH,A,VALID,,B,False,-3.0,29.75,32.75,1176,284,1,0,5,9,4,3,4,4,8a60b5057a64f94ba8304eec2c6ee06f092276b05bc1b62d4d06b90fe3677581,Qwen/Qwen2.5-3B-Instruct,aa8e72537993ba99e69dfaafa59ed015b17504d1,36286467377
RESCS1C-C081:CODE_MAPPED_HIGH,RESCS1C-C081,CODE_MAPPED_HIGH,CODE_MAPPED,HIGH,A,VALID,,A,True,2.25,35.75,33.5,1159,276,1,115,5,9,4,3,4,4,dce1639fc776509ff602586769d7cae27fa88edb0b79580860de1ff428c94fbd,Qwen/Qwen2.5-3B-Instruct,aa8e72537993ba99e69dfaafa59ed015b17504d1,36286467377
RESCS1C-C081:NONREL_CONTROL_HIGH,RESCS1C-C081,NONREL_CONTROL_HIGH,NON_RELATIONAL_CONTROL,HIGH,A,VALID,,B,False,-2.875,30.125,33.0,1198,291,1,22,5,9,4,3,4,4,2005e5545cd981101716566df86ad9d02f61ac46c52ce65413c28a1ae18d840b,Qwen/Qwen2.5-3B-Instruct,aa8e72537993ba99e69dfaafa59ed015b17504d1,36286467377
RESCS1C-C081:NEUTRAL_LOW,RESCS1C-C081,NEUTRAL_LOW,NEUTRAL,LOW,A,VALID,,B,False,-2.875,30.875,33.75,793,202,1,0,2,3,0,1,1,1,8d7c6a9b4c80bc0c2de36103578677c470633cdbcb46851ffa282ff808ef519b,Qwen/Qwen2.5-3B-Instruct,aa8e72537993ba99e69dfaafa59ed015b17504d1,36286467377
RESCS1C-C082:NEUTRAL_HIGH,RESCS1C-C082,NEUTRAL_HIGH,NEUTRAL,HIGH,A,VALID,,B,False,-2.0,34.0,36.0,1179,285,1,0,5,9,4,3,4,4,08457f8d5bdfd4b64f4b18f16784d5f97cc5273d30f59976e43bdd1b1dd0ea76,Qwen/Qwen2.5-3B-Instruct,aa8e72537993ba99e69dfaafa59ed015b17504d1,36286467377
RESCS1C-C082:CODE_MAPPED_HIGH,RESCS1C-C082,CODE_MAPPED_HIGH,CODE_MAPPED,HIGH,A,VALID,,B,False,-1.5,35.5,37.0,1162,277,1,115,5,9,4,3,4,4,75b4109899941574a803e191733a5a13490b1d420ae76ee176fbe5300af6ca91,Qwen/Qwen2.5-3B-Instruct,aa8e72537993ba99e69dfaafa59ed015b17504d1,36286467377
RESCS1C-C082:NONREL_CONTROL_HIGH,RESCS1C-C082,NONREL_CONTROL_HIGH,NON_RELATIONAL_CONTROL,HIGH,A,VALID,,B,False,-4.0,32.5,36.5,1201,292,1,22,5,9,4,3,4,4,7c1e4155d825144b5033c015d5b74dd5f416fb59899ea49ee5bcfba1ce490e3a,Qwen/Qwen2.5-3B-Instruct,aa8e72537993ba99e69dfaafa59ed015b17504d1,36286467377
RESCS1C-C082:NEUTRAL_LOW,RESCS1C-C082,NEUTRAL_LOW,NEUTRAL,LOW,A,VALID,,A,True,6.5,36.0,29.5,796,203,1,0,2,3,0,1,1,1,57f6feae3768be2d6b8930818d34a6d59846242455450d9ce08095d9124df7e3,Qwen/Qwen2.5-3B-Instruct,aa8e72537993ba99e69dfaafa59ed015b17504d1,36286467377
RESCS1C-C082:CODE_MAPPED_LOW,RESCS1C-C082,CODE_MAPPED_LOW,CODE_MAPPED,LOW,A,VALID,,B,False,-1.5,35.25,36.75,779,195,1,115,2,3,0,1,1,1,cfbd131a9fa0b84acbbae0f07090429cd188c0f80fe2d2766760127a8be476a7,Qwen/Qwen2.5-3B-Instruct,aa8e72537993ba99e69dfaafa59ed015b17504d1,36286467377
RESCS1C-C083:CODE_MAPPED_HIGH,RESCS1C-C083,CODE_MAPPED_HIGH,CODE_MAPPED,HIGH,A,VALID,,B,False,0.5,33.5,33.0,1160,277,1,115,5,9,4,3,4,4,d0d5c1cf4a8b29966e7e417c4e3b3787c2d7c95ccc26339a9fc0d832b6a3b5ab,Qwen/Qwen2.5-3B-Instruct,aa8e72537993ba99e69dfaafa59ed015b17504d1,36286467377
RESCS1C-C083:NONREL_CONTROL_HIGH,RESCS1C-C083,NONREL_CONTROL_HIGH,NON_RELATIONAL_CONTROL,HIGH,A,VALID,,B,False,-3.375,29.625,33.0,1199,292,1,22,5,9,4,3,4,4,dcf6e71ae1ae594d5aeafd257eb59b587b6b4e8aae4eab9681a75b813d27fa75,Qwen/Qwen2.5-3B-Instruct,aa8e72537993ba99e69dfaafa59ed015b17504d1,36286467377
RESCS1C-C083:NEUTRAL_LOW,RESCS1C-C083,NEUTRAL_LOW,NEUTRAL,LOW,A,VALID,,B,False,-2.5,31.25,33.75,794,203,1,0,2,3,0,1,1,1,5a12ee62831f58a41493676ba94a14c71395a08dd06424694260231de39742c7,Qwen/Qwen2.5-3B-Instruct,aa8e72537993ba99e69dfaafa59ed015b17504d1,36286467377
RESCS1C-C083:CODE_MAPPED_LOW,RESCS1C-C083,CODE_MAPPED_LOW,CODE_MAPPED,LOW,A,VALID,,B,False,-1.75,34.5,36.25,777,195,1,115,2,3,0,1,1,1,c7bd618993d8adf70b528e5fbf10e21e10502d98928be7f5bc9a73015e815a79,Qwen/Qwen2.5-3B-Instruct,aa8e72537993ba99e69dfaafa59ed015b17504d1,36286467377
RESCS1C-C083:NEUTRAL_HIGH,RESCS1C-C083,NEUTRAL_HIGH,NEUTRAL,HIGH,A,VALID,,B,False,-3.375,29.625,33.0,1177,285,1,0,5,9,4,3,4,4,19e1efabc6ccd79a5487213858bb2433ada2c416b17adf2d7c40b4d55c447ce9,Qwen/Qwen2.5-3B-Instruct,aa8e72537993ba99e69dfaafa59ed015b17504d1,36286467377
RESCS1C-C084:NONREL_CONTROL_HIGH,RESCS1C-C084,NONREL_CONTROL_HIGH,NON_RELATIONAL_CONTROL,HIGH,A,VALID,,B,False,-3.125,30.125,33.25,1202,291,1,22,5,9,4,3,4,4,d9737e13c0d3c4d04e5cf2f759172db9a24fceb933ba75357f915637b4f497d4,Qwen/Qwen2.5-3B-Instruct,aa8e72537993ba99e69dfaafa59ed015b17504d1,36286467377
RESCS1C-C084:NEUTRAL_LOW,RESCS1C-C084,NEUTRAL_LOW,NEUTRAL,LOW,A,VALID,,B,False,-2.5,32.0,34.5,797,202,1,0,2,3,0,1,1,1,330b162a5ab6ef2d7fd3a73d53d8d6d6af342146a41c1ce907d10a9c55890d7f,Qwen/Qwen2.5-3B-Instruct,aa8e72537993ba99e69dfaafa59ed015b17504d1,36286467377
RESCS1C-C084:CODE_MAPPED_LOW,RESCS1C-C084,CODE_MAPPED_LOW,CODE_MAPPED,LOW,A,VALID,,B,False,-1.25,35.0,36.25,777,194,1,117,2,3,0,1,1,1,42741902134766de97bd22ba0c0c8c37fad3e615b4c87265c07e9ccf57923bd4,Qwen/Qwen2.5-3B-Instruct,aa8e72537993ba99e69dfaafa59ed015b17504d1,36286467377
RESCS1C-C084:NEUTRAL_HIGH,RESCS1C-C084,NEUTRAL_HIGH,NEUTRAL,HIGH,A,VALID,,B,False,-2.5,30.5,33.0,1180,284,1,0,5,9,4,3,4,4,bdbed3147780dfce8943505aa723f8e6166350402e262cb5a1f52611309d7eeb,Qwen/Qwen2.5-3B-Instruct,aa8e72537993ba99e69dfaafa59ed015b17504d1,36286467377
RESCS1C-C084:CODE_MAPPED_HIGH,RESCS1C-C084,CODE_MAPPED_HIGH,CODE_MAPPED,HIGH,A,VALID,,B,False,-2.5,33.25,35.75,1160,276,1,117,5,9,4,3,4,4,23d7517293dd4a5f5cc09ce73f3117f9978ea5aaa433126d5e94a23652af9a5b,Qwen/Qwen2.5-3B-Instruct,aa8e72537993ba99e69dfaafa59ed015b17504d1,36286467377
RESCS1C-C085:CODE_MAPPED_HIGH,RESCS1C-C085,CODE_MAPPED_HIGH,CODE_MAPPED,HIGH,B,VALID,,B,True,-1.25,35.75,34.5,1158,276,1,117,5,9,4,3,4,4,a0f74a954ccc5982bb56be94cf7dd90448a8e899474adcc248df2978e267e2c6,Qwen/Qwen2.5-3B-Instruct,aa8e72537993ba99e69dfaafa59ed015b17504d1,36286467377
RESCS1C-C085:NEUTRAL_LOW,RESCS1C-C085,NEUTRAL_LOW,NEUTRAL,LOW,B,VALID,,B,True,0.75,33.25,34.0,795,202,1,0,2,3,0,1,1,1,4b314b50b7f31a169d1efc32358355d1cf88d331e5db257c90bc26b613aec0ae,Qwen/Qwen2.5-3B-Instruct,aa8e72537993ba99e69dfaafa59ed015b17504d1,36286467377
RESCS1C-C085:NEUTRAL_HIGH,RESCS1C-C085,NEUTRAL_HIGH,NEUTRAL,HIGH,B,VALID,,B,True,0.75,31.75,32.5,1178,284,3,0,5,9,4,3,4,4,c5b844d2b6902ad5739bab12ad04e9e60b53f472c9178347ff4aa2c1dace0106,Qwen/Qwen2.5-3B-Instruct,aa8e72537993ba99e69dfaafa59ed015b17504d1,36286467377
RESCS1C-C085:CODE_MAPPED_LOW,RESCS1C-C085,CODE_MAPPED_LOW,CODE_MAPPED,LOW,B,VALID,,B,True,-0.5,37.75,37.25,775,194,1,117,2,3,0,1,1,1,07ee001018f2112ab4e85e99ea71210e23e7bcc1d37cb4ba4035effc4b79f0fe,Qwen/Qwen2.5-3B-Instruct,aa8e72537993ba99e69dfaafa59ed015b17504d1,36286467377
RESCS1C-C085:NONREL_CONTROL_HIGH,RESCS1C-C085,NONREL_CONTROL_HIGH,NON_RELATIONAL_CONTROL,HIGH,B,VALID,,B,True,1.125,31.375,32.5,1200,291,1,22,5,9,4,3,4,4,a53eacb25006e336c92e4fc3d5ca4e6f94b96bb448d5a862cb2126fe19aba153,Qwen/Qwen2.5-3B-Instruct,aa8e72537993ba99e69dfaafa59ed015b17504d1,36286467377
RESCS1C-C086:NEUTRAL_LOW,RESCS1C-C086,NEUTRAL_LOW,NEUTRAL,LOW,A,VALID,,A,True,8.125,37.75,29.625,796,203,1,0,2,3,0,1,1,1,f1a9bfd5690b6ba6e1f9dfbf0eac06aee3d2c0eaceef7a55c1e9207c3d3926d0,Qwen/Qwen2.5-3B-Instruct,aa8e72537993ba99e69dfaafa59ed015b17504d1,36286467377
RESCS1C-C086:NEUTRAL_HIGH,RESCS1C-C086,NEUTRAL_HIGH,NEUTRAL,HIGH,A,VALID,,A,True,2.375,32.75,30.375,1179,285,3,0,5,9,4,3,4,4,c337288b368764afbf5003815237bb9a244eca9235e6eb5e5d038355b85a5554,Qwen/Qwen2.5-3B-Instruct,aa8e72537993ba99e69dfaafa59ed015b17504d1,36286467377
RESCS1C-C086:CODE_MAPPED_LOW,RESCS1C-C086,CODE_MAPPED_LOW,CODE_MAPPED,LOW,A,VALID,,B,False,-3.5,33.5,37.0,776,195,1,117,2,3,0,1,1,1,20847d62520ec2434287e3c9ae1b4080f857c8f9b41d334b0a672c4b799eae96,Qwen/Qwen2.5-3B-Instruct,aa8e72537993ba99e69dfaafa59ed015b17504d1,36286467377
RESCS1C-C086:NONREL_CONTROL_HIGH,RESCS1C-C086,NONREL_CONTROL_HIGH,NON_RELATIONAL_CONTROL,HIGH,A,VALID,,B,False,1.125,32.75,31.625,1201,292,1,22,5,9,4,3,4,4,b39a1214d79967a23eee5ff3434555ffb4f8fae70c1ea9bbda0ae63e28e4c5f8,Qwen/Qwen2.5-3B-Instruct,aa8e72537993ba99e69dfaafa59ed015b17504d1,36286467377
RESCS1C-C086:CODE_MAPPED_HIGH,RESCS1C-C086,CODE_MAPPED_HIGH,CODE_MAPPED,HIGH,A,VALID,,B,False,-2.25,34.0,36.25,1159,277,1,117,5,9,4,3,4,4,73e365e6dc14b7320b9240b97edddfd5ed6ad82eeda12b67fea37b52a93dc6b9,Qwen/Qwen2.5-3B-Instruct,aa8e72537993ba99e69dfaafa59ed015b17504d1,36286467377
RESCS1C-C087:NEUTRAL_HIGH,RESCS1C-C087,NEUTRAL_HIGH,NEUTRAL,HIGH,B,VALID,,B,True,1.0,32.5,33.5,1189,285,1,0,5,9,4,3,4,4,cee47c86b70e5040df79287fa67bed16f11c7034a3d8307ff33be566ad41906c,Qwen/Qwen2.5-3B-Instruct,aa8e72537993ba99e69dfaafa59ed015b17504d1,36286467377
RESCS1C-C087:CODE_MAPPED_LOW,RESCS1C-C087,CODE_MAPPED_LOW,CODE_MAPPED,LOW,B,VALID,,B,True,2.625,29.375,32.0,786,195,3,117,2,3,0,1,1,1,849c59c30e944e3709a0ca81c914478b1b4494ca285c0767eae408092f99ee6f,Qwen/Qwen2.5-3B-Instruct,aa8e72537993ba99e69dfaafa59ed015b17504d1,36286467377
RESCS1C-C087:NONREL_CONTROL_HIGH,RESCS1C-C087,NONREL_CONTROL_HIGH,NON_RELATIONAL_CONTROL,HIGH,B,VALID,,B,True,1.25,32.5,33.75,1211,292,1,22,5,9,4,3,4,4,40ce9bae645e7d80b2690f40e07304ec8aabd9bdfb9cda42943cbfa4cfc5fa91,Qwen/Qwen2.5-3B-Instruct,aa8e72537993ba99e69dfaafa59ed015b17504d1,36286467377
RESCS1C-C087:CODE_MAPPED_HIGH,RESCS1C-C087,CODE_MAPPED_HIGH,CODE_MAPPED,HIGH,B,VALID,,B,True,1.125,31.875,33.0,1169,277,3,117,5,9,4,3,4,4,4b07e0066201988efa8b91ba6f6d3acf37f991498e79336f854f95b50dd3a207,Qwen/Qwen2.5-3B-Instruct,aa8e72537993ba99e69dfaafa59ed015b17504d1,36286467377
RESCS1C-C087:NEUTRAL_LOW,RESCS1C-C087,NEUTRAL_LOW,NEUTRAL,LOW,B,VALID,,B,True,2.0,32.5,34.5,806,203,3,0,2,3,0,1,1,1,4ab562e04299fdcc604886b328c77ad391adbb0243945e4530511a7f95610962,Qwen/Qwen2.5-3B-Instruct,aa8e72537993ba99e69dfaafa59ed015b17504d1,36286467377
RESCS1C-C088:CODE_MAPPED_LOW,RESCS1C-C088,CODE_MAPPED_LOW,CODE_MAPPED,LOW,B,VALID,,B,True,3.5,34.25,37.75,778,194,1,115,2,3,0,1,1,1,47f049a1751a8d3dcdd114f5f7532b36eb675fcf9fed1110d76a0772a444bbd4,Qwen/Qwen2.5-3B-Instruct,aa8e72537993ba99e69dfaafa59ed015b17504d1,36286467377
RESCS1C-C088:NONREL_CONTROL_HIGH,RESCS1C-C088,NONREL_CONTROL_HIGH,NON_RELATIONAL_CONTROL,HIGH,B,VALID,,B,True,2.0,31.75,33.75,1200,291,1,22,5,9,4,3,4,4,71a0597336f02fbf1bc4e93a042a670dc6b56afd49fb9a0c7d5da9118347d588,Qwen/Qwen2.5-3B-Instruct,aa8e72537993ba99e69dfaafa59ed015b17504d1,36286467377
RESCS1C-C088:CODE_MAPPED_HIGH,RESCS1C-C088,CODE_MAPPED_HIGH,CODE_MAPPED,HIGH,B,VALID,,B,True,1.25,34.5,35.75,1161,276,1,115,5,9,4,3,4,4,052fa676a41ff33a9a6d202a66cfb1f5353a7806de943d446d9f3ccb1632aaa1,Qwen/Qwen2.5-3B-Instruct,aa8e72537993ba99e69dfaafa59ed015b17504d1,36286467377
RESCS1C-C088:NEUTRAL_LOW,RESCS1C-C088,NEUTRAL_LOW,NEUTRAL,LOW,B,VALID,,B,True,2.375,31.625,34.0,795,202,3,0,2,3,0,1,1,1,c469ab8e0b7caacaabcdfbc962a264b353b48de4d2b419f29d1dcc0d4aab2382,Qwen/Qwen2.5-3B-Instruct,aa8e72537993ba99e69dfaafa59ed015b17504d1,36286467377
RESCS1C-C088:NEUTRAL_HIGH,RESCS1C-C088,NEUTRAL_HIGH,NEUTRAL,HIGH,B,VALID,,B,True,1.5,32.25,33.75,1178,284,1,0,5,9,4,3,4,4,0384548a5dbb5d78f860f4ad65560826d6dc7ffe1d522c94238eddd03a5ebae7,Qwen/Qwen2.5-3B-Instruct,aa8e72537993ba99e69dfaafa59ed015b17504d1,36286467377
RESCS1C-C089:NONREL_CONTROL_HIGH,RESCS1C-C089,NONREL_CONTROL_HIGH,NON_RELATIONAL_CONTROL,HIGH,B,VALID,,B,True,4.0,30.75,34.75,1201,292,1,22,5,9,4,3,4,4,2262f3a18085471ad2514ea75e0bceff2fe6ce4384e33993fd5dfd1e0d20129d,Qwen/Qwen2.5-3B-Instruct,aa8e72537993ba99e69dfaafa59ed015b17504d1,36286467377
RESCS1C-C089:CODE_MAPPED_HIGH,RESCS1C-C089,CODE_MAPPED_HIGH,CODE_MAPPED,HIGH,B,VALID,,B,True,3.25,32.75,36.0,1159,277,1,117,5,9,4,3,4,4,0fccb9247ea8ee02fdb67b55f22726e483dfcd10be76487e1d09c2fb236c3ae5,Qwen/Qwen2.5-3B-Instruct,aa8e72537993ba99e69dfaafa59ed015b17504d1,36286467377
RESCS1C-C089:NEUTRAL_LOW,RESCS1C-C089,NEUTRAL_LOW,NEUTRAL,LOW,B,VALID,,B,True,5.125,30.625,35.75,796,203,1,0,2,3,0,1,1,1,41f0df7b346499f735a619a5f9bb242c1e26297a90dd60b2ea5dbe8df119bfbe,Qwen/Qwen2.5-3B-Instruct,aa8e72537993ba99e69dfaafa59ed015b17504d1,36286467377
RESCS1C-C089:NEUTRAL_HIGH,RESCS1C-C089,NEUTRAL_HIGH,NEUTRAL,HIGH,B,VALID,,B,True,3.375,31.375,34.75,1179,285,1,0,5,9,4,3,4,4,93207b088bbde777bbbf977446351d999ddb0b4fcfab908348545ceaed8c2a5a,Qwen/Qwen2.5-3B-Instruct,aa8e72537993ba99e69dfaafa59ed015b17504d1,36286467377
RESCS1C-C089:CODE_MAPPED_LOW,RESCS1C-C089,CODE_MAPPED_LOW,CODE_MAPPED,LOW,B,VALID,,B,True,2.5,34.25,36.75,776,195,1,117,2,3,0,1,1,1,9807ade71913dcfbc3f3509733e29c07dcc9e1e583e89c0c3a64d1087e107f85,Qwen/Qwen2.5-3B-Instruct,aa8e72537993ba99e69dfaafa59ed015b17504d1,36286467377
RESCS1C-C090:NEUTRAL_LOW,RESCS1C-C090,NEUTRAL_LOW,NEUTRAL,LOW,A,VALID,,B,False,-2.875,30.125,33.0,796,203,1,0,2,3,0,1,1,1,ad7df4aedb3e90b69bccd5bada8378cbc6a8955458a99d2eadbc071148b2ff20,Qwen/Qwen2.5-3B-Instruct,aa8e72537993ba99e69dfaafa59ed015b17504d1,36286467377
RESCS1C-C090:NEUTRAL_HIGH,RESCS1C-C090,NEUTRAL_HIGH,NEUTRAL,HIGH,A,VALID,,B,False,-1.375,30.875,32.25,1179,285,1,0,5,9,4,3,4,4,79daab3d36cda3fd3f5ebd7394e0f1a381061a94579e18b93fb714339165e723,Qwen/Qwen2.5-3B-Instruct,aa8e72537993ba99e69dfaafa59ed015b17504d1,36286467377
RESCS1C-C090:NONREL_CONTROL_HIGH,RESCS1C-C090,NONREL_CONTROL_HIGH,NON_RELATIONAL_CONTROL,HIGH,A,VALID,,B,False,-1.375,30.625,32.0,1201,292,1,22,5,9,4,3,4,4,f9387fdc3470a9cae1b96f4ae4582080d1fbd09ed10ff8db6625f95d52d51f34,Qwen/Qwen2.5-3B-Instruct,aa8e72537993ba99e69dfaafa59ed015b17504d1,36286467377
RESCS1C-C090:CODE_MAPPED_LOW,RESCS1C-C090,CODE_MAPPED_LOW,CODE_MAPPED,LOW,A,VALID,,B,False,1.25,38.75,37.5,779,195,1,115,2,3,0,1,1,1,97da2f049dda017c13e94a44af03dd7139a8d4dba4ec1227647d0eafbb5c8527,Qwen/Qwen2.5-3B-Instruct,aa8e72537993ba99e69dfaafa59ed015b17504d1,36286467377
RESCS1C-C090:CODE_MAPPED_HIGH,RESCS1C-C090,CODE_MAPPED_HIGH,CODE_MAPPED,HIGH,A,VALID,,A,True,3.75,37.25,33.5,1162,277,1,115,5,9,4,3,4,4,865288b8a514e3f9442c212b05c3917a4367e927ed048a8bed0869aebe9deb67,Qwen/Qwen2.5-3B-Instruct,aa8e72537993ba99e69dfaafa59ed015b17504d1,36286467377
RESCS1C-C091:NEUTRAL_HIGH,RESCS1C-C091,NEUTRAL_HIGH,NEUTRAL,HIGH,A,VALID,,B,False,-1.0,34.5,35.5,1179,285,1,0,5,9,4,3,4,4,7dfc5aca0c6e1b723337915824d78197a7fe2816a50807557b0f82dd0b02479f,Qwen/Qwen2.5-3B-Instruct,aa8e72537993ba99e69dfaafa59ed015b17504d1,36286467377
RESCS1C-C091:NONREL_CONTROL_HIGH,RESCS1C-C091,NONREL_CONTROL_HIGH,NON_RELATIONAL_CONTROL,HIGH,A,VALID,,B,False,-1.75,33.5,35.25,1201,292,1,22,5,9,4,3,4,4,15cef649c98a2b24c39966e2fdb547e2cca4dc923acb1c273214229fbae429cd,Qwen/Qwen2.5-3B-Instruct,aa8e72537993ba99e69dfaafa59ed015b17504d1,36286467377
RESCS1C-C091:CODE_MAPPED_LOW,RESCS1C-C091,CODE_MAPPED_LOW,CODE_MAPPED,LOW,A,VALID,,A,True,6.5,37.25,30.75,776,195,1,117,2,3,0,1,1,1,6f8af43c89341081a8d1ec0554cb51849361ea45aad3ecfb6a521481e168cbac,Qwen/Qwen2.5-3B-Instruct,aa8e72537993ba99e69dfaafa59ed015b17504d1,36286467377
RESCS1C-C091:CODE_MAPPED_HIGH,RESCS1C-C091,CODE_MAPPED_HIGH,CODE_MAPPED,HIGH,A,VALID,,A,True,2.75,36.5,33.75,1159,277,1,117,5,9,4,3,4,4,7487620bb5e901d19e9b8159a9be9f45054a0b076a69c49dff5168406aaf7d9d,Qwen/Qwen2.5-3B-Instruct,aa8e72537993ba99e69dfaafa59ed015b17504d1,36286467377
RESCS1C-C091:NEUTRAL_LOW,RESCS1C-C091,NEUTRAL_LOW,NEUTRAL,LOW,A,VALID,,B,False,-2.75,33.5,36.25,796,203,1,0,2,3,0,1,1,1,195e341b383bb2c498809fdca341560703f89f5028aabfe298c1c45efc0d8c9a,Qwen/Qwen2.5-3B-Instruct,aa8e72537993ba99e69dfaafa59ed015b17504d1,36286467377
RESCS1C-C092:NONREL_CONTROL_HIGH,RESCS1C-C092,NONREL_CONTROL_HIGH,NON_RELATIONAL_CONTROL,HIGH,B,VALID,,B,True,2.625,30.875,33.5,1198,291,1,22,5,9,4,3,4,4,04c60cad2c4132bcc0a83601b780e0ab99d781f0527e4197b7a53fd28b6cb51c,Qwen/Qwen2.5-3B-Instruct,aa8e72537993ba99e69dfaafa59ed015b17504d1,36286467377
RESCS1C-C092:CODE_MAPPED_LOW,RESCS1C-C092,CODE_MAPPED_LOW,CODE_MAPPED,LOW,B,VALID,,B,True,9.5,29.0,38.5,773,194,1,117,2,3,0,1,1,1,b2520e3e34a5371b0ee09678b720da338a4c1480f2a07f31a16d1d43949b42b5,Qwen/Qwen2.5-3B-Instruct,aa8e72537993ba99e69dfaafa59ed015b17504d1,36286467377
RESCS1C-C092:CODE_MAPPED_HIGH,RESCS1C-C092,CODE_MAPPED_HIGH,CODE_MAPPED,HIGH,B,VALID,,B,True,4.5,32.5,37.0,1156,276,1,117,5,9,4,3,4,4,26ecd329998eb93859df7514aca235004f46d6e17478f7c6702c50aa8517744c,Qwen/Qwen2.5-3B-Instruct,aa8e72537993ba99e69dfaafa59ed015b17504d1,36286467377
RESCS1C-C092:NEUTRAL_LOW,RESCS1C-C092,NEUTRAL_LOW,NEUTRAL,LOW,B,VALID,,A,False,-2.0,36.0,34.0,793,202,1,0,2,3,0,1,1,1,c3616516ddf114c18696f98d198d5a42e3699e937561a40ef850fe9296f5e7b8,Qwen/Qwen2.5-3B-Instruct,aa8e72537993ba99e69dfaafa59ed015b17504d1,36286467377
RESCS1C-C092:NEUTRAL_HIGH,RESCS1C-C092,NEUTRAL_HIGH,NEUTRAL,HIGH,B,VALID,,B,True,2.25,31.0,33.25,1176,284,1,0,5,9,4,3,4,4,6e7e870f3d3a8ccecf828c545918c27115b86d88bc58ca9d9b8af4163d90d7dd,Qwen/Qwen2.5-3B-Instruct,aa8e72537993ba99e69dfaafa59ed015b17504d1,36286467377
RESCS1C-C093:CODE_MAPPED_LOW,RESCS1C-C093,CODE_MAPPED_LOW,CODE_MAPPED,LOW,A,VALID,,B,False,-10.0,28.75,38.75,775,194,1,117,2,3,0,1,1,1,3870c21ed5356eb8817100ba68ffff904ba00e91c0b868417decf76ad88ad71e,Qwen/Qwen2.5-3B-Instruct,aa8e72537993ba99e69dfaafa59ed015b17504d1,36324399210
RESCS1C-C093:CODE_MAPPED_HIGH,RESCS1C-C093,CODE_MAPPED_HIGH,CODE_MAPPED,HIGH,A,VALID,,B,False,-11.125,27.375,38.5,1158,276,1,117,5,9,4,3,4,4,27cc2cbb20c9ada10ba5e6ad84dc1ec594dc1ccdbaf728f68cf745a46be626c4,Qwen/Qwen2.5-3B-Instruct,aa8e72537993ba99e69dfaafa59ed015b17504d1,36324399210
RESCS1C-C093:NEUTRAL_LOW,RESCS1C-C093,NEUTRAL_LOW,NEUTRAL,LOW,A,VALID,,A,True,1.75,35.5,33.75,795,202,1,0,2,3,0,1,1,1,6be386f382ceac1924d643c4627a8a8ebb2493937007f417fce316e90b4beb4b,Qwen/Qwen2.5-3B-Instruct,aa8e72537993ba99e69dfaafa59ed015b17504d1,36324399210
RESCS1C-C093:NEUTRAL_HIGH,RESCS1C-C093,NEUTRAL_HIGH,NEUTRAL,HIGH,A,VALID,,B,False,0.0,33.25,33.25,1178,284,1,0,5,9,4,3,4,4,f4569aacd946c8ec766cab05da8c94d7b41644638c0f5536f77df7008d93ccc7,Qwen/Qwen2.5-3B-Instruct,aa8e72537993ba99e69dfaafa59ed015b17504d1,36324399210
RESCS1C-C093:NONREL_CONTROL_HIGH,RESCS1C-C093,NONREL_CONTROL_HIGH,NON_RELATIONAL_CONTROL,HIGH,A,VALID,,B,False,-0.75,33.25,34.0,1200,291,1,22,5,9,4,3,4,4,029536c9f1ae4167807ad7a927221e6f3b5974aa2eb88a014cdf360676a18899,Qwen/Qwen2.5-3B-Instruct,aa8e72537993ba99e69dfaafa59ed015b17504d1,36324399210
RESCS1C-C094:CODE_MAPPED_HIGH,RESCS1C-C094,CODE_MAPPED_HIGH,CODE_MAPPED,HIGH,B,VALID,,B,True,10.75,28.5,39.25,1148,276,1,117,5,9,4,3,4,4,11f7cae521ee76f4bc4cac4e50f61a62c6812132569a737ac43fd24a6f24a88a,Qwen/Qwen2.5-3B-Instruct,aa8e72537993ba99e69dfaafa59ed015b17504d1,36324399210
RESCS1C-C094:NEUTRAL_LOW,RESCS1C-C094,NEUTRAL_LOW,NEUTRAL,LOW,B,VALID,,B,True,9.5,27.0,36.5,785,202,1,0,2,3,0,1,1,1,91fc90c323fdd4bffb811496290cdb854d1f06b3a1f0750beaa1d313503f934b,Qwen/Qwen2.5-3B-Instruct,aa8e72537993ba99e69dfaafa59ed015b17504d1,36324399210
RESCS1C-C094:NEUTRAL_HIGH,RESCS1C-C094,NEUTRAL_HIGH,NEUTRAL,HIGH,B,VALID,,B,True,8.125,27.625,35.75,1168,284,1,0,5,9,4,3,4,4,fc6a77314cc34a4d5997d733162922efd5fe8169507b73770a02221c43d67fab,Qwen/Qwen2.5-3B-Instruct,aa8e72537993ba99e69dfaafa59ed015b17504d1,36324399210
RESCS1C-C094:NONREL_CONTROL_HIGH,RESCS1C-C094,NONREL_CONTROL_HIGH,NON_RELATIONAL_CONTROL,HIGH,B,VALID,,B,True,7.375,28.375,35.75,1190,291,1,22,5,9,4,3,4,4,571e66f10633081e3b7ba4deb9bc1eef2c0c816d290eda479b99e5b868164998,Qwen/Qwen2.5-3B-Instruct,aa8e72537993ba99e69dfaafa59ed015b17504d1,36324399210
RESCS1C-C094:CODE_MAPPED_LOW,RESCS1C-C094,CODE_MAPPED_LOW,CODE_MAPPED,LOW,B,VALID,,B,True,11.75,28.0,39.75,765,194,1,117,2,3,0,1,1,1,29c0faf171530c0cc0fe931a353fa47e8a2de2e69510216b7e7f00d0c7673d34,Qwen/Qwen2.5-3B-Instruct,aa8e72537993ba99e69dfaafa59ed015b17504d1,36324399210
RESCS1C-C095:CODE_MAPPED_HIGH,RESCS1C-C095,CODE_MAPPED_HIGH,CODE_MAPPED,HIGH,B,VALID,,B,True,0.5,34.0,34.5,1158,276,1,117,5,9,4,3,4,4,85eab655f411b9cbc3ec70b0064d33c303fa9c58866bb771ad32d8753794abcd,Qwen/Qwen2.5-3B-Instruct,aa8e72537993ba99e69dfaafa59ed015b17504d1,36324399210
RESCS1C-C095:CODE_MAPPED_LOW,RESCS1C-C095,CODE_MAPPED_LOW,CODE_MAPPED,LOW,B,VALID,,B,True,1.75,33.5,35.25,775,194,1,117,2,3,0,1,1,1,fcc224b67405e01a359bbe897e30925633084dd0902af94b3c6a8814fe0d1a74,Qwen/Qwen2.5-3B-Instruct,aa8e72537993ba99e69dfaafa59ed015b17504d1,36324399210
RESCS1C-C095:NEUTRAL_LOW,RESCS1C-C095,NEUTRAL_LOW,NEUTRAL,LOW,B,VALID,,B,True,1.25,34.0,35.25,795,202,1,0,2,3,0,1,1,1,fe9ee83e697f3ad50ba2a1b3a35912ac6128c972642ba0bf9546b72e7d1428a3,Qwen/Qwen2.5-3B-Instruct,aa8e72537993ba99e69dfaafa59ed015b17504d1,36324399210
RESCS1C-C095:NEUTRAL_HIGH,RESCS1C-C095,NEUTRAL_HIGH,NEUTRAL,HIGH,B,VALID,,B,True,0.25,33.25,33.5,1178,284,1,0,5,9,4,3,4,4,0ed2c45134f55f1bd2c90533889e87b87b773831d11015e9b59fc020ed799fe0,Qwen/Qwen2.5-3B-Instruct,aa8e72537993ba99e69dfaafa59ed015b17504d1,36324399210
RESCS1C-C095:NONREL_CONTROL_HIGH,RESCS1C-C095,NONREL_CONTROL_HIGH,NON_RELATIONAL_CONTROL,HIGH,B,VALID,,B,True,0.75,33.25,34.0,1200,291,1,22,5,9,4,3,4,4,4e5b92aa5d1c906ec99ffe4e552760175c70ef92bf9a7f062fbe3cdcc8f0687e,Qwen/Qwen2.5-3B-Instruct,aa8e72537993ba99e69dfaafa59ed015b17504d1,36324399210
RESCS1C-C096:CODE_MAPPED_LOW,RESCS1C-C096,CODE_MAPPED_LOW,CODE_MAPPED,LOW,A,VALID,,A,True,3.0,40.0,37.0,766,195,1,117,2,3,0,1,1,1,b767f8227aebe3f8e9eb02f5e93417f115e01af6cfdc9001fddd09d3e7d754c4,Qwen/Qwen2.5-3B-Instruct,aa8e72537993ba99e69dfaafa59ed015b17504d1,36286467377
RESCS1C-C096:NEUTRAL_LOW,RESCS1C-C096,NEUTRAL_LOW,NEUTRAL,LOW,A,VALID,,A,True,3.0,37.25,34.25,786,203,1,0,2,3,0,1,1,1,5d8d20c82192affe2fd953a6c7159f610e54d40160cbfc101ef0a12b496d8e0b,Qwen/Qwen2.5-3B-Instruct,aa8e72537993ba99e69dfaafa59ed015b17504d1,36286467377
RESCS1C-C096:NEUTRAL_HIGH,RESCS1C-C096,NEUTRAL_HIGH,NEUTRAL,HIGH,A,VALID,,A,True,2.75,34.75,32.0,1169,285,1,0,5,9,4,3,4,4,9539cc6b29fc5e7f882e7bd59d6607812203b447e2942c338ba82c2bb3519455,Qwen/Qwen2.5-3B-Instruct,aa8e72537993ba99e69dfaafa59ed015b17504d1,36286467377
RESCS1C-C096:NONREL_CONTROL_HIGH,RESCS1C-C096,NONREL_CONTROL_HIGH,NON_RELATIONAL_CONTROL,HIGH,A,VALID,,A,True,2.375,33.5,31.125,1191,292,1,22,5,9,4,3,4,4,d68ba78045e667d2fee68cad86a14f1a5820ec2a09d10d383ecfca983edd81a4,Qwen/Qwen2.5-3B-Instruct,aa8e72537993ba99e69dfaafa59ed015b17504d1,36286467377
RESCS1C-C096:CODE_MAPPED_HIGH,RESCS1C-C096,CODE_MAPPED_HIGH,CODE_MAPPED,HIGH,A,VALID,,A,True,6.0,39.25,33.25,1149,277,1,117,5,9,4,3,4,4,1505bc22ad5f5f6a96546a0c95f24016b57bdeacb290102113973b9c0bb4a501,Qwen/Qwen2.5-3B-Instruct,aa8e72537993ba99e69dfaafa59ed015b17504d1,36286467377
RESCS1C-C097:NEUTRAL_LOW,RESCS1C-C097,NEUTRAL_LOW,NEUTRAL,LOW,B,VALID,,B,True,2.875,30.375,33.25,797,202,1,0,2,3,0,1,1,1,0c38963eeffd1349b466463045197350a6c03a8b4cdf98199d0b3df602d8de77,Qwen/Qwen2.5-3B-Instruct,aa8e72537993ba99e69dfaafa59ed015b17504d1,36286467377
RESCS1C-C097:NEUTRAL_HIGH,RESCS1C-C097,NEUTRAL_HIGH,NEUTRAL,HIGH,B,VALID,,B,True,1.875,30.375,32.25,1180,284,1,0,5,9,4,3,4,4,7702c25369849e55a5f6ee8ddd87c4ea779f26fd6e815faffd956898ea811e2e,Qwen/Qwen2.5-3B-Instruct,aa8e72537993ba99e69dfaafa59ed015b17504d1,36286467377
RESCS1C-C097:NONREL_CONTROL_HIGH,RESCS1C-C097,NONREL_CONTROL_HIGH,NON_RELATIONAL_CONTROL,HIGH,B,VALID,,B,True,2.125,30.375,32.5,1202,291,1,22,5,9,4,3,4,4,d0b1610b1e59843d06423b089df1a5dac5294f51918d67b5505b44260b7cc041,Qwen/Qwen2.5-3B-Instruct,aa8e72537993ba99e69dfaafa59ed015b17504d1,36286467377
RESCS1C-C097:CODE_MAPPED_HIGH,RESCS1C-C097,CODE_MAPPED_HIGH,CODE_MAPPED,HIGH,B,VALID,,A,False,-2.75,36.75,34.0,1163,276,1,115,5,9,4,3,4,4,11c04f9fb10a2e295ac83f5727b2c770917b53ebe4fe76bc14595098bca6072c,Qwen/Qwen2.5-3B-Instruct,aa8e72537993ba99e69dfaafa59ed015b17504d1,36286467377
RESCS1C-C097:CODE_MAPPED_LOW,RESCS1C-C097,CODE_MAPPED_LOW,CODE_MAPPED,LOW,B,VALID,,B,True,-1.0,38.25,37.25,780,194,1,115,2,3,0,1,1,1,1559631c0dbee0db1ed7136a6beeb473c77baf5ac5d5279f697534371c71bd36,Qwen/Qwen2.5-3B-Instruct,aa8e72537993ba99e69dfaafa59ed015b17504d1,36286467377
RESCS1C-C098:NEUTRAL_HIGH,RESCS1C-C098,NEUTRAL_HIGH,NEUTRAL,HIGH,A,VALID,,A,True,3.0,34.5,31.5,1168,284,1,0,5,9,4,3,4,4,01eeb16c5adebfd5542627c5c51016c60a08764749b0f6b6b051cccbe01f0a1a,Qwen/Qwen2.5-3B-Instruct,aa8e72537993ba99e69dfaafa59ed015b17504d1,36286467377
RESCS1C-C098:NONREL_CONTROL_HIGH,RESCS1C-C098,NONREL_CONTROL_HIGH,NON_RELATIONAL_CONTROL,HIGH,A,VALID,,A,True,2.75,33.75,31.0,1190,291,1,22,5,9,4,3,4,4,9579dffa67cadfee7fd0065b8761900e42a171b87071a0dbf194edac51a2048b,Qwen/Qwen2.5-3B-Instruct,aa8e72537993ba99e69dfaafa59ed015b17504d1,36286467377
RESCS1C-C098:CODE_MAPPED_HIGH,RESCS1C-C098,CODE_MAPPED_HIGH,CODE_MAPPED,HIGH,A,VALID,,A,True,5.75,39.25,33.5,1148,276,1,117,5,9,4,3,4,4,f04f5970f2649f138d6b208d097fe4192e0ee27a919351199dbb0abe121da889,Qwen/Qwen2.5-3B-Instruct,aa8e72537993ba99e69dfaafa59ed015b17504d1,36286467377
RESCS1C-C098:CODE_MAPPED_LOW,RESCS1C-C098,CODE_MAPPED_LOW,CODE_MAPPED,LOW,A,VALID,,A,True,3.75,40.25,36.5,765,194,1,117,2,3,0,1,1,1,7a1cffcf87199268c1bbee957eade0edde57c6f6e78ba3ff74bcfdffd801395c,Qwen/Qwen2.5-3B-Instruct,aa8e72537993ba99e69dfaafa59ed015b17504d1,36286467377
RESCS1C-C098:NEUTRAL_LOW,RESCS1C-C098,NEUTRAL_LOW,NEUTRAL,LOW,A,VALID,,A,True,3.5,37.75,34.25,785,202,1,0,2,3,0,1,1,1,4deec4ab06cbbdf4cb2f05ee2c0a9dfc055adbc6eacd2a06e9cdcb251f10dad5,Qwen/Qwen2.5-3B-Instruct,aa8e72537993ba99e69dfaafa59ed015b17504d1,36286467377
RESCS1C-C099:NONREL_CONTROL_HIGH,RESCS1C-C099,NONREL_CONTROL_HIGH,NON_RELATIONAL_CONTROL,HIGH,B,VALID,,B,True,4.375,30.125,34.5,1201,292,1,22,5,9,4,3,4,4,3f3186d0bea44a13de6f02cc5267210ecf8da13050045ae2b4fe6609b9679244,Qwen/Qwen2.5-3B-Instruct,aa8e72537993ba99e69dfaafa59ed015b17504d1,36286467377
RESCS1C-C099:CODE_MAPPED_HIGH,RESCS1C-C099,CODE_MAPPED_HIGH,CODE_MAPPED,HIGH,B,VALID,,B,True,2.875,31.125,34.0,1162,277,1,115,5,9,4,3,4,4,5b138a0640fcdfa69a50190b4d6b90178488dbab5055fb086f125f276c2c9eaa,Qwen/Qwen2.5-3B-Instruct,aa8e72537993ba99e69dfaafa59ed015b17504d1,36286467377
RESCS1C-C099:CODE_MAPPED_LOW,RESCS1C-C099,CODE_MAPPED_LOW,CODE_MAPPED,LOW,B,VALID,,B,True,3.75,33.25,37.0,779,195,1,115,2,3,0,1,1,1,bf0db7302c51744da67fb11b2e28d0ae4d0f31934acfa41c90ac9fc2d901d11a,Qwen/Qwen2.5-3B-Instruct,aa8e72537993ba99e69dfaafa59ed015b17504d1,36286467377
RESCS1C-C099:NEUTRAL_LOW,RESCS1C-C099,NEUTRAL_LOW,NEUTRAL,LOW,B,VALID,,B,True,3.125,30.875,34.0,796,203,1,0,2,3,0,1,1,1,de27c35e928029d064a61c484a60a5d0ef5a01c1b7ac047e08d2fc15c96f17e9,Qwen/Qwen2.5-3B-Instruct,aa8e72537993ba99e69dfaafa59ed015b17504d1,36286467377
RESCS1C-C099:NEUTRAL_HIGH,RESCS1C-C099,NEUTRAL_HIGH,NEUTRAL,HIGH,B,VALID,,B,True,3.875,30.875,34.75,1179,285,1,0,5,9,4,3,4,4,5266dbf81133459b93e1dff76682ba86942261af8e113de34e6eca9bbb5b76cf,Qwen/Qwen2.5-3B-Instruct,aa8e72537993ba99e69dfaafa59ed015b17504d1,36286467377
RESCS1C-C100:NONREL_CONTROL_HIGH,RESCS1C-C100,NONREL_CONTROL_HIGH,NON_RELATIONAL_CONTROL,HIGH,A,VALID,,B,False,-3.875,30.625,34.5,1200,291,1,22,5,9,4,3,4,4,748497f6bc083327f09fa168cedad8b11814c18f2835ecefc8b1e5518fa57b2e,Qwen/Qwen2.5-3B-Instruct,aa8e72537993ba99e69dfaafa59ed015b17504d1,36286467377
RESCS1C-C100:CODE_MAPPED_HIGH,RESCS1C-C100,CODE_MAPPED_HIGH,CODE_MAPPED,HIGH,A,VALID,,B,False,-3.25,32.75,36.0,1161,276,1,115,5,9,4,3,4,4,c7ad3ba068652544580b761cb368be31c6ef309b23b2d82ed1c08b0e3515f429,Qwen/Qwen2.5-3B-Instruct,aa8e72537993ba99e69dfaafa59ed015b17504d1,36286467377
RESCS1C-C100:CODE_MAPPED_LOW,RESCS1C-C100,CODE_MAPPED_LOW,CODE_MAPPED,LOW,A,VALID,,B,False,-5.0,34.25,39.25,778,194,1,115,2,3,0,1,1,1,41905d8a3fd4f1c0398e1275a1bddd02b7bf22de4151e567a2fb3269bb1ea46c,Qwen/Qwen2.5-3B-Instruct,aa8e72537993ba99e69dfaafa59ed015b17504d1,36286467377
RESCS1C-C100:NEUTRAL_LOW,RESCS1C-C100,NEUTRAL_LOW,NEUTRAL,LOW,A,VALID,,B,False,-3.625,31.125,34.75,795,202,1,0,2,3,0,1,1,1,fa66f2033d886696684e1ebe4e08646167a2ba2be58f53530a109be4c9a2e019,Qwen/Qwen2.5-3B-Instruct,aa8e72537993ba99e69dfaafa59ed015b17504d1,36286467377
RESCS1C-C100:NEUTRAL_HIGH,RESCS1C-C100,NEUTRAL_HIGH,NEUTRAL,HIGH,A,VALID,,B,False,-3.25,30.75,34.0,1178,284,1,0,5,9,4,3,4,4,5cd5488542f963be2b62d74aacc1cfe887848d4af70a1a2a53964f76a0a300a7,Qwen/Qwen2.5-3B-Instruct,aa8e72537993ba99e69dfaafa59ed015b17504d1,36286467377
RESCS1C-C101:CODE_MAPPED_HIGH,RESCS1C-C101,CODE_MAPPED_HIGH,CODE_MAPPED,HIGH,B,VALID,,A,False,-3.75,38.0,34.25,1159,277,1,117,5,9,4,3,4,4,27795a31c37329ae97f9eae9b976ff7a4df48f98624eb7eb1cd2a066197c30f5,Qwen/Qwen2.5-3B-Instruct,aa8e72537993ba99e69dfaafa59ed015b17504d1,36286467377
RESCS1C-C101:CODE_MAPPED_LOW,RESCS1C-C101,CODE_MAPPED_LOW,CODE_MAPPED,LOW,B,VALID,,B,True,-0.5,37.25,36.75,776,195,1,117,2,3,0,1,1,1,ee22f4beab7d4d1f2454ddf2403ee2b2667f20b72eafa32c0eaf47de3591b717,Qwen/Qwen2.5-3B-Instruct,aa8e72537993ba99e69dfaafa59ed015b17504d1,36286467377
RESCS1C-C101:NEUTRAL_LOW,RESCS1C-C101,NEUTRAL_LOW,NEUTRAL,LOW,B,VALID,,B,True,1.25,33.25,34.5,796,203,1,0,2,3,0,1,1,1,ddbbbb3772ec055cb515ac933ce25fb3e38fe8cb8a73afff57ff03d9d70a6825,Qwen/Qwen2.5-3B-Instruct,aa8e72537993ba99e69dfaafa59ed015b17504d1,36286467377
RESCS1C-C101:NEUTRAL_HIGH,RESCS1C-C101,NEUTRAL_HIGH,NEUTRAL,HIGH,B,VALID,,B,True,1.375,30.875,32.25,1179,285,3,0,5,9,4,3,4,4,1e36966439385bb4788795f65bae4134d588644ba8b868b99e64573b7cb215a4,Qwen/Qwen2.5-3B-Instruct,aa8e72537993ba99e69dfaafa59ed015b17504d1,36286467377
RESCS1C-C101:NONREL_CONTROL_HIGH,RESCS1C-C101,NONREL_CONTROL_HIGH,NON_RELATIONAL_CONTROL,HIGH,B,VALID,,B,True,1.75,31.25,33.0,1201,292,1,22,5,9,4,3,4,4,dedf953b805ae4dc72e86a7f4c8e6c487cc941fe490f88ef30a860231150c79d,Qwen/Qwen2.5-3B-Instruct,aa8e72537993ba99e69dfaafa59ed015b17504d1,36286467377
RESCS1C-C102:CODE_MAPPED_LOW,RESCS1C-C102,CODE_MAPPED_LOW,CODE_MAPPED,LOW,B,VALID,,B,True,3.5,34.25,37.75,779,195,1,115,2,3,0,1,1,1,c6745529939ce64577ee77a0ca8df8037a0d095108f0085efbf63c0bac68c6c0,Qwen/Qwen2.5-3B-Instruct,aa8e72537993ba99e69dfaafa59ed015b17504d1,36286467377
RESCS1C-C102:NEUTRAL_LOW,RESCS1C-C102,NEUTRAL_LOW,NEUTRAL,LOW,B,VALID,,B,True,2.125,31.125,33.25,796,203,3,0,2,3,0,1,1,1,cac94bed57d3246dec80fa55e40a245651fda3501f01c2ad40a9190557dba7b3,Qwen/Qwen2.5-3B-Instruct,aa8e72537993ba99e69dfaafa59ed015b17504d1,36286467377
RESCS1C-C102:NEUTRAL_HIGH,RESCS1C-C102,NEUTRAL_HIGH,NEUTRAL,HIGH,B,VALID,,B,True,1.5,32.0,33.5,1179,285,1,0,5,9,4,3,4,4,e729eb7ea427a1a6c924faf768fa8280e7f918d52274eaf0bd00003578c7dc8c,Qwen/Qwen2.5-3B-Instruct,aa8e72537993ba99e69dfaafa59ed015b17504d1,36286467377
RESCS1C-C102:NONREL_CONTROL_HIGH,RESCS1C-C102,NONREL_CONTROL_HIGH,NON_RELATIONAL_CONTROL,HIGH,B,VALID,,B,True,1.625,31.875,33.5,1201,292,1,22,5,9,4,3,4,4,a888c12717c9d3acb29f034b2f319695e1dacddf6412ffbd79927d1291e5a943,Qwen/Qwen2.5-3B-Instruct,aa8e72537993ba99e69dfaafa59ed015b17504d1,36286467377
RESCS1C-C102:CODE_MAPPED_HIGH,RESCS1C-C102,CODE_MAPPED_HIGH,CODE_MAPPED,HIGH,B,VALID,,B,True,0.25,35.75,36.0,1162,277,1,115,5,9,4,3,4,4,cf2f71e2753beb6f58a825a716a65e858b32e4678d68d9fe29375018dabdd417,Qwen/Qwen2.5-3B-Instruct,aa8e72537993ba99e69dfaafa59ed015b17504d1,36286467377
RESCS1C-C103:NEUTRAL_LOW,RESCS1C-C103,NEUTRAL_LOW,NEUTRAL,LOW,B,VALID,,B,True,-0.5,34.5,34.0,796,203,1,0,2,3,0,1,1,1,97d0305a723b0d331c81e745451ac77cf32ef37eacf547cb51a18896a0ca79a1,Qwen/Qwen2.5-3B-Instruct,aa8e72537993ba99e69dfaafa59ed015b17504d1,36286467377
RESCS1C-C103:NEUTRAL_HIGH,RESCS1C-C103,NEUTRAL_HIGH,NEUTRAL,HIGH,B,VALID,,A,False,-1.75,33.0,31.25,1179,285,3,0,5,9,4,3,4,4,30e0495a06d58d619b7f1cdb54517d8a1491ce732cd8bae32fdf4b6a3bd77b14,Qwen/Qwen2.5-3B-Instruct,aa8e72537993ba99e69dfaafa59ed015b17504d1,36286467377
RESCS1C-C103:NONREL_CONTROL_HIGH,RESCS1C-C103,NONREL_CONTROL_HIGH,NON_RELATIONAL_CONTROL,HIGH,B,VALID,,B,True,-0.75,32.75,32.0,1201,292,1,22,5,9,4,3,4,4,073effa6a791e68278a3afaebf9b506b71b09f8a73bac07f4cdbe80930b2a574,Qwen/Qwen2.5-3B-Instruct,aa8e72537993ba99e69dfaafa59ed015b17504d1,36286467377
RESCS1C-C103:CODE_MAPPED_HIGH,RESCS1C-C103,CODE_MAPPED_HIGH,CODE_MAPPED,HIGH,B,VALID,,B,True,9.125,29.375,38.5,1162,277,1,115,5,9,4,3,4,4,8defaa3cf3153ad30b61919ae18f2b98cb8a26b9254cd2816f981559b46b2ae5,Qwen/Qwen2.5-3B-Instruct,aa8e72537993ba99e69dfaafa59ed015b17504d1,36286467377
RESCS1C-C103:CODE_MAPPED_LOW,RESCS1C-C103,CODE_MAPPED_LOW,CODE_MAPPED,LOW,B,VALID,,B,True,8.125,31.125,39.25,779,195,1,115,2,3,0,1,1,1,b292137516f8cd0382039489d02221e045142fa3225441513c4258164cd50c06,Qwen/Qwen2.5-3B-Instruct,aa8e72537993ba99e69dfaafa59ed015b17504d1,36286467377
RESCS1C-C104:NEUTRAL_HIGH,RESCS1C-C104,NEUTRAL_HIGH,NEUTRAL,HIGH,A,VALID,,A,True,8.875,38.0,29.125,1189,285,1,0,5,9,4,3,4,4,9e92e172589bb983e74646ca7b442cb96e7e3244151207f0238b95ee730745aa,Qwen/Qwen2.5-3B-Instruct,aa8e72537993ba99e69dfaafa59ed015b17504d1,36286467377
RESCS1C-C104:NONREL_CONTROL_HIGH,RESCS1C-C104,NONREL_CONTROL_HIGH,NON_RELATIONAL_CONTROL,HIGH,A,VALID,,A,True,5.375,36.0,30.625,1211,292,1,22,5,9,4,3,4,4,7e7f1cbbabfa4ad1a375a999379801eb2107de17cdfb5019639f10fa8d718a75,Qwen/Qwen2.5-3B-Instruct,aa8e72537993ba99e69dfaafa59ed015b17504d1,36286467377
RESCS1C-C104:CODE_MAPPED_HIGH,RESCS1C-C104,CODE_MAPPED_HIGH,CODE_MAPPED,HIGH,A,VALID,,A,True,7.875,37.0,29.125,1172,277,1,115,5,9,4,3,4,4,ff1918d9a0eb732ad1439a2874fe62cc211818ebc8e2cb885d1c99024aa12b18,Qwen/Qwen2.5-3B-Instruct,aa8e72537993ba99e69dfaafa59ed015b17504d1,36286467377
RESCS1C-C104:CODE_MAPPED_LOW,RESCS1C-C104,CODE_MAPPED_LOW,CODE_MAPPED,LOW,A,VALID,,A,True,10.25,38.75,28.5,789,195,1,115,2,3,0,1,1,1,2c092bc225aa0b0dbe9dad2a177e7d667f4657551232244d33f5cfcd08045590,Qwen/Qwen2.5-3B-Instruct,aa8e72537993ba99e69dfaafa59ed015b17504d1,36286467377
RESCS1C-C104:NEUTRAL_LOW,RESCS1C-C104,NEUTRAL_LOW,NEUTRAL,LOW,A,VALID,,A,True,11.75,38.25,26.5,806,203,1,0,2,3,0,1,1,1,c9ba994011ce6a528ba87e83f18b67d72cb5be351eef6392182f363584cd8502,Qwen/Qwen2.5-3B-Instruct,aa8e72537993ba99e69dfaafa59ed015b17504d1,36286467377
RESCS1C-C105:CODE_MAPPED_HIGH,RESCS1C-C105,CODE_MAPPED_HIGH,CODE_MAPPED,HIGH,A,VALID,,B,False,-0.25,34.75,35.0,1157,277,1,117,5,9,4,3,4,4,c647d10a1606cb9daf7eec28a1d2b6cbff8061d75747af2ad5adbd96baa41ebf,Qwen/Qwen2.5-3B-Instruct,aa8e72537993ba99e69dfaafa59ed015b17504d1,36286467377
RESCS1C-C105:CODE_MAPPED_LOW,RESCS1C-C105,CODE_MAPPED_LOW,CODE_MAPPED,LOW,A,VALID,,B,False,-4.0,33.75,37.75,774,195,1,117,2,3,0,1,1,1,b40f3ba61cd3d3938c44e5512d52500afb588f12694bb2b8464e1449de2f15b9,Qwen/Qwen2.5-3B-Instruct,aa8e72537993ba99e69dfaafa59ed015b17504d1,36286467377
RESCS1C-C105:NEUTRAL_LOW,RESCS1C-C105,NEUTRAL_LOW,NEUTRAL,LOW,A,VALID,,B,False,-1.25,33.5,34.75,794,203,1,0,2,3,0,1,1,1,b16d35bde007f4510214c1cbd0c942fcef848719dbb87411238a4fa17b121271,Qwen/Qwen2.5-3B-Instruct,aa8e72537993ba99e69dfaafa59ed015b17504d1,36286467377
RESCS1C-C105:NEUTRAL_HIGH,RESCS1C-C105,NEUTRAL_HIGH,NEUTRAL,HIGH,A,VALID,,B,False,-0.75,32.75,33.5,1177,285,1,0,5,9,4,3,4,4,aa70eb9ac4e1fe19c27f6914b971160fbb840202f919b1912b47cac6c27ebcd3,Qwen/Qwen2.5-3B-Instruct,aa8e72537993ba99e69dfaafa59ed015b17504d1,36286467377
RESCS1C-C105:NONREL_CONTROL_HIGH,RESCS1C-C105,NONREL_CONTROL_HIGH,NON_RELATIONAL_CONTROL,HIGH,A,VALID,,B,False,-0.75,32.5,33.25,1199,292,1,22,5,9,4,3,4,4,2b1051ec37eb21138180439f409364f57bc35bec20732f008c3f02aa7a485f8a,Qwen/Qwen2.5-3B-Instruct,aa8e72537993ba99e69dfaafa59ed015b17504d1,36286467377
RESCS1C-C106:CODE_MAPPED_LOW,RESCS1C-C106,CODE_MAPPED_LOW,CODE_MAPPED,LOW,B,VALID,,B,True,3.0,33.75,36.75,775,194,1,117,2,3,0,1,1,1,e3099b8c4f17352a570fb356f5197fdf78f37f2979ebb82d6819bae02e06795a,Qwen/Qwen2.5-3B-Instruct,aa8e72537993ba99e69dfaafa59ed015b17504d1,36286467377
RESCS1C-C106:NEUTRAL_LOW,RESCS1C-C106,NEUTRAL_LOW,NEUTRAL,LOW,B,VALID,,B,True,3.0,32.0,35.0,795,202,1,0,2,3,0,1,1,1,09e04b58d5c99811f8c2c85d1c58a9842b80e483c642928cac955f2599629172,Qwen/Qwen2.5-3B-Instruct,aa8e72537993ba99e69dfaafa59ed015b17504d1,36286467377
RESCS1C-C106:NEUTRAL_HIGH,RESCS1C-C106,NEUTRAL_HIGH,NEUTRAL,HIGH,B,VALID,,B,True,2.75,30.25,33.0,1178,284,1,0,5,9,4,3,4,4,476299660665fa0d820fe37b45ac0a9689b24cfbe49952b5d86dcdf87fb8c44c,Qwen/Qwen2.5-3B-Instruct,aa8e72537993ba99e69dfaafa59ed015b17504d1,36286467377
RESCS1C-C106:NONREL_CONTROL_HIGH,RESCS1C-C106,NONREL_CONTROL_HIGH,NON_RELATIONAL_CONTROL,HIGH,B,VALID,,B,True,3.375,30.125,33.5,1200,291,1,22,5,9,4,3,4,4,f1cd55c75969f82ad7a9a03ea8d3d056272f0bfc9c5b0fdb783b9883743bbb2c,Qwen/Qwen2.5-3B-Instruct,aa8e72537993ba99e69dfaafa59ed015b17504d1,36286467377
RESCS1C-C106:CODE_MAPPED_HIGH,RESCS1C-C106,CODE_MAPPED_HIGH,CODE_MAPPED,HIGH,B,VALID,,B,True,3.5,33.0,36.5,1158,276,1,117,5,9,4,3,4,4,ac54226dcc115f001373d65198a5d82446d5a2160444dd00891e747af50a9a53,Qwen/Qwen2.5-3B-Instruct,aa8e72537993ba99e69dfaafa59ed015b17504d1,36286467377
RESCS1C-C107:NEUTRAL_LOW,RESCS1C-C107,NEUTRAL_LOW,NEUTRAL,LOW,A,VALID,,B,False,-2.0,32.25,34.25,795,202,1,0,2,3,0,1,1,1,9c10b55f71d5031b8e50f63cccce8edf6da98e0a5c695a6d026d86df1e127e10,Qwen/Qwen2.5-3B-Instruct,aa8e72537993ba99e69dfaafa59ed015b17504d1,36286467377
RESCS1C-C107:NEUTRAL_HIGH,RESCS1C-C107,NEUTRAL_HIGH,NEUTRAL,HIGH,A,VALID,,B,False,-3.5,30.25,33.75,1178,284,1,0,5,9,4,3,4,4,4234d6f31125e548134c5ffe816d3a00e4f9c2a2ca8769ac68a1054983fa6c88,Qwen/Qwen2.5-3B-Instruct,aa8e72537993ba99e69dfaafa59ed015b17504d1,36286467377
RESCS1C-C107:NONREL_CONTROL_HIGH,RESCS1C-C107,NONREL_CONTROL_HIGH,NON_RELATIONAL_CONTROL,HIGH,A,VALID,,B,False,-3.25,30.25,33.5,1200,291,1,22,5,9,4,3,4,4,1d5943c7d4544410df5f8ee622f9f7b333eb88ef9cd0a98ee899f09d640562c7,Qwen/Qwen2.5-3B-Instruct,aa8e72537993ba99e69dfaafa59ed015b17504d1,36286467377
RESCS1C-C107:CODE_MAPPED_HIGH,RESCS1C-C107,CODE_MAPPED_HIGH,CODE_MAPPED,HIGH,A,VALID,,B,False,0.25,33.75,33.5,1161,276,1,115,5,9,4,3,4,4,fbbf6bd69c301518fab6bc54c0528b8d58101f22a07d352a026502bd09e3a659,Qwen/Qwen2.5-3B-Instruct,aa8e72537993ba99e69dfaafa59ed015b17504d1,36286467377
RESCS1C-C107:CODE_MAPPED_LOW,RESCS1C-C107,CODE_MAPPED_LOW,CODE_MAPPED,LOW,A,VALID,,B,False,-1.5,35.75,37.25,778,194,1,115,2,3,0,1,1,1,5f3813964654508dcd28c0e2c40274ca0caf7a26940cfb247dd798514261ecc1,Qwen/Qwen2.5-3B-Instruct,aa8e72537993ba99e69dfaafa59ed015b17504d1,36286467377
RESCS1C-C108:NEUTRAL_HIGH,RESCS1C-C108,NEUTRAL_HIGH,NEUTRAL,HIGH,B,VALID,,B,True,8.125,27.875,36.0,1169,285,1,0,5,9,4,3,4,4,999b7938b2964506a11e40363eebf10038941761cffe10bfeca46977a3ee7238,Qwen/Qwen2.5-3B-Instruct,aa8e72537993ba99e69dfaafa59ed015b17504d1,36286467377
RESCS1C-C108:NONREL_CONTROL_HIGH,RESCS1C-C108,NONREL_CONTROL_HIGH,NON_RELATIONAL_CONTROL,HIGH,B,VALID,,B,True,6.875,28.875,35.75,1191,292,1,22,5,9,4,3,4,4,0299cbd3fb9251e92744cb528dde76b7a006ca352766f2ea8ab75ea40611e064,Qwen/Qwen2.5-3B-Instruct,aa8e72537993ba99e69dfaafa59ed015b17504d1,36286467377
RESCS1C-C108:CODE_MAPPED_HIGH,RESCS1C-C108,CODE_MAPPED_HIGH,CODE_MAPPED,HIGH,B,VALID,,B,True,10.875,28.625,39.5,1149,277,1,117,5,9,4,3,4,4,edcf0c39e7e96311382c40296bd9d2dcaa48510725f06d0a467895071cd27776,Qwen/Qwen2.5-3B-Instruct,aa8e72537993ba99e69dfaafa59ed015b17504d1,36286467377
RESCS1C-C108:CODE_MAPPED_LOW,RESCS1C-C108,CODE_MAPPED_LOW,CODE_MAPPED,LOW,B,VALID,,B,True,11.5,28.25,39.75,766,195,1,117,2,3,0,1,1,1,5c1126ee58aaaae62542bee602fc55b765bd2073431ca5b8c1cc29f9ab822aca,Qwen/Qwen2.5-3B-Instruct,aa8e72537993ba99e69dfaafa59ed015b17504d1,36286467377
RESCS1C-C108:NEUTRAL_LOW,RESCS1C-C108,NEUTRAL_LOW,NEUTRAL,LOW,B,VALID,,B,True,8.75,28.0,36.75,786,203,1,0,2,3,0,1,1,1,16da13ffa419917d023162bffb6c9db1c2ce54970a6edc9232c9fd1dbca7b961,Qwen/Qwen2.5-3B-Instruct,aa8e72537993ba99e69dfaafa59ed015b17504d1,36286467377
RESCS1C-C109:NONREL_CONTROL_HIGH,RESCS1C-C109,NONREL_CONTROL_HIGH,NON_RELATIONAL_CONTROL,HIGH,A,VALID,,B,False,0.25,33.25,33.0,1203,292,1,22,5,9,4,3,4,4,21a975f8cf44e83969a0d5460c9062255f6f7401f9917e147ff03d4578ac5b8b,Qwen/Qwen2.5-3B-Instruct,aa8e72537993ba99e69dfaafa59ed015b17504d1,36286467377
RESCS1C-C109:CODE_MAPPED_HIGH,RESCS1C-C109,CODE_MAPPED_HIGH,CODE_MAPPED,HIGH,A,VALID,,B,False,-2.0,33.5,35.5,1164,277,1,115,5,9,4,3,4,4,c7a9982222de3b191abd099696e5b8c25e1f5610a528f31b3b9e9c69b2dc30aa,Qwen/Qwen2.5-3B-Instruct,aa8e72537993ba99e69dfaafa59ed015b17504d1,36286467377
RESCS1C-C109:CODE_MAPPED_LOW,RESCS1C-C109,CODE_MAPPED_LOW,CODE_MAPPED,LOW,A,VALID,,B,False,-3.5,34.5,38.0,781,195,1,115,2,3,0,1,1,1,2ebe5da9621a85fc14b3e1b2ef767808a5d2dfc1c109c1bbc8557c433adceafe,Qwen/Qwen2.5-3B-Instruct,aa8e72537993ba99e69dfaafa59ed015b17504d1,36286467377
RESCS1C-C109:NEUTRAL_LOW,RESCS1C-C109,NEUTRAL_LOW,NEUTRAL,LOW,A,VALID,,A,True,2.75,37.0,34.25,798,203,1,0,2,3,0,1,1,1,b346865fd091f3a076c98fc5e9f9be2fbadea7647f90539032adc7a34f6499ee,Qwen/Qwen2.5-3B-Instruct,aa8e72537993ba99e69dfaafa59ed015b17504d1,36286467377
RESCS1C-C109:NEUTRAL_HIGH,RESCS1C-C109,NEUTRAL_HIGH,NEUTRAL,HIGH,A,VALID,,B,False,1.25,33.75,32.5,1181,285,1,0,5,9,4,3,4,4,6a280cd523c1d08f1090414b31d41d439c432d4288a0326be7d1b7efd5bedc11,Qwen/Qwen2.5-3B-Instruct,aa8e72537993ba99e69dfaafa59ed015b17504d1,36286467377
RESCS1C-C110:CODE_MAPPED_HIGH,RESCS1C-C110,CODE_MAPPED_HIGH,CODE_MAPPED,HIGH,A,VALID,,A,True,4.0,37.75,33.75,1151,276,1,115,5,9,4,3,4,4,5adb9d722b675006b366531a0e713c6c0ea8686f69d14af87d47ecdcabec7a93,Qwen/Qwen2.5-3B-Instruct,aa8e72537993ba99e69dfaafa59ed015b17504d1,36286467377
RESCS1C-C110:CODE_MAPPED_LOW,RESCS1C-C110,CODE_MAPPED_LOW,CODE_MAPPED,LOW,A,VALID,,B,False,1.5,39.0,37.5,768,194,1,115,2,3,0,1,1,1,89fdf3b165f7d5f21b930a1e3c8069b1e9ce62a8d08c6b36a06c7a27e6752b55,Qwen/Qwen2.5-3B-Instruct,aa8e72537993ba99e69dfaafa59ed015b17504d1,36286467377
RESCS1C-C110:NONREL_CONTROL_HIGH,RESCS1C-C110,NONREL_CONTROL_HIGH,NON_RELATIONAL_CONTROL,HIGH,A,VALID,,B,False,1.25,34.0,32.75,1190,291,1,22,5,9,4,3,4,4,be613678be5f402763a3b59e30bd8ea512184142f98b1ff3789b134efb2ffa0f,Qwen/Qwen2.5-3B-Instruct,aa8e72537993ba99e69dfaafa59ed015b17504d1,36286467377
RESCS1C-C110:NEUTRAL_HIGH,RESCS1C-C110,NEUTRAL_HIGH,NEUTRAL,HIGH,A,VALID,,B,False,0.75,33.0,32.25,1168,284,1,0,5,9,4,3,4,4,e16673b8ce0fd905bd3eca8f1e499c198025bf4a100d942af9cd9a02e59aa8df,Qwen/Qwen2.5-3B-Instruct,aa8e72537993ba99e69dfaafa59ed015b17504d1,36286467377
RESCS1C-C110:NEUTRAL_LOW,RESCS1C-C110,NEUTRAL_LOW,NEUTRAL,LOW,A,VALID,,A,True,2.5,37.5,35.0,785,202,1,0,2,3,0,1,1,1,f4c2bf92eb83cfdfdad574388ab34a2f452751c8d496ea4dbaddef3d0213abb7,Qwen/Qwen2.5-3B-Instruct,aa8e72537993ba99e69dfaafa59ed015b17504d1,36286467377
RESCS1C-C111:CODE_MAPPED_LOW,RESCS1C-C111,CODE_MAPPED_LOW,CODE_MAPPED,LOW,A,VALID,,B,False,1.0,37.75,36.75,773,194,1,117,2,3,0,1,1,1,675c858acd987036558bdb0f6a3a832c39ebdf32b4c37ca4d6dcd11b203a3f55,Qwen/Qwen2.5-3B-Instruct,aa8e72537993ba99e69dfaafa59ed015b17504d1,36286467377
RESCS1C-C111:NONREL_CONTROL_HIGH,RESCS1C-C111,NONREL_CONTROL_HIGH,NON_RELATIONAL_CONTROL,HIGH,A,VALID,,B,False,-2.5,30.0,32.5,1198,291,1,22,5,9,4,3,4,4,d75c38615f20de0a0ee507887b194d2bfcd6e0eed14a5fd42d03b60e2a73ac9d,Qwen/Qwen2.5-3B-Instruct,aa8e72537993ba99e69dfaafa59ed015b17504d1,36286467377
RESCS1C-C111:NEUTRAL_HIGH,RESCS1C-C111,NEUTRAL_HIGH,NEUTRAL,HIGH,A,VALID,,B,False,-2.375,29.625,32.0,1176,284,3,0,5,9,4,3,4,4,dcc14c8009e8d80e8864db99384016edd9cd1fa7a161a418e1e8f2feb493a720,Qwen/Qwen2.5-3B-Instruct,aa8e72537993ba99e69dfaafa59ed015b17504d1,36286467377
RESCS1C-C111:NEUTRAL_LOW,RESCS1C-C111,NEUTRAL_LOW,NEUTRAL,LOW,A,VALID,,B,False,-2.125,30.625,32.75,793,202,1,0,2,3,0,1,1,1,195e317ebefa6182609f1dd3c008641550faf27294c9733ec2f659416d054fb7,Qwen/Qwen2.5-3B-Instruct,aa8e72537993ba99e69dfaafa59ed015b17504d1,36286467377
RESCS1C-C111:CODE_MAPPED_HIGH,RESCS1C-C111,CODE_MAPPED_HIGH,CODE_MAPPED,HIGH,A,VALID,,A,True,2.5,36.0,33.5,1156,276,1,117,5,9,4,3,4,4,2dbe36af21a48c59ee99b541c85fd683110118b538b68a12e71bb583f486f5f2,Qwen/Qwen2.5-3B-Instruct,aa8e72537993ba99e69dfaafa59ed015b17504d1,36286467377
RESCS1C-C112:NONREL_CONTROL_HIGH,RESCS1C-C112,NONREL_CONTROL_HIGH,NON_RELATIONAL_CONTROL,HIGH,B,VALID,,B,True,1.75,32.0,33.75,1210,291,1,22,5,9,4,3,4,4,916ab8eb8696137e863d6f9fc681603c81d0330762c97aa73583119d5ae08bfa,Qwen/Qwen2.5-3B-Instruct,aa8e72537993ba99e69dfaafa59ed015b17504d1,36286467377
RESCS1C-C112:NEUTRAL_HIGH,RESCS1C-C112,NEUTRAL_HIGH,NEUTRAL,HIGH,B,VALID,,B,True,1.25,32.5,33.75,1188,284,1,0,5,9,4,3,4,4,fbacecfd5630a6ceef651043ff7ae5fcba5962c42cd286b775dd472e1f4ca56a,Qwen/Qwen2.5-3B-Instruct,aa8e72537993ba99e69dfaafa59ed015b17504d1,36286467377
RESCS1C-C112:NEUTRAL_LOW,RESCS1C-C112,NEUTRAL_LOW,NEUTRAL,LOW,B,VALID,,B,True,2.5,33.25,35.75,805,202,1,0,2,3,0,1,1,1,7a0ab3749027a5e4f398fc211426dcac95786b8aeac26b4c882e88db4e431211,Qwen/Qwen2.5-3B-Instruct,aa8e72537993ba99e69dfaafa59ed015b17504d1,36286467377
RESCS1C-C112:CODE_MAPPED_HIGH,RESCS1C-C112,CODE_MAPPED_HIGH,CODE_MAPPED,HIGH,B,VALID,,B,True,3.125,31.375,34.5,1171,276,1,115,5,9,4,3,4,4,40f11196a45e86c03ae39045ec79745947392b4833f6b3a0680e1613cbd10265,Qwen/Qwen2.5-3B-Instruct,aa8e72537993ba99e69dfaafa59ed015b17504d1,36286467377
RESCS1C-C112:CODE_MAPPED_LOW,RESCS1C-C112,CODE_MAPPED_LOW,CODE_MAPPED,LOW,B,VALID,,B,True,3.25,32.0,35.25,788,194,3,115,2,3,0,1,1,1,ddc8eee7f4b2a2fd3586d99a827030537e02d7718b68e13b35f3f19b4634519c,Qwen/Qwen2.5-3B-Instruct,aa8e72537993ba99e69dfaafa59ed015b17504d1,36286467377
RESCS1C-C113:NEUTRAL_HIGH,RESCS1C-C113,NEUTRAL_HIGH,NEUTRAL,HIGH,B,VALID,,B,True,2.375,31.125,33.5,1181,285,3,0,5,9,4,3,4,4,316f20a5ae187b7a35a6a0600553c9770ae46b4218a6f6cf1cc8fcaaf6879f2a,Qwen/Qwen2.5-3B-Instruct,aa8e72537993ba99e69dfaafa59ed015b17504d1,36286467377
RESCS1C-C113:NEUTRAL_LOW,RESCS1C-C113,NEUTRAL_LOW,NEUTRAL,LOW,B,VALID,,B,True,1.25,33.5,34.75,798,203,1,0,2,3,0,1,1,1,a9e092e28715b7eefc15e85bbbe0a9aa84647240f33cc8e8de10df9d739b637d,Qwen/Qwen2.5-3B-Instruct,aa8e72537993ba99e69dfaafa59ed015b17504d1,36286467377
RESCS1C-C113:CODE_MAPPED_HIGH,RESCS1C-C113,CODE_MAPPED_HIGH,CODE_MAPPED,HIGH,B,VALID,,B,True,-1.25,35.75,34.5,1164,277,1,115,5,9,4,3,4,4,dc4cbf05a877b123361ec245f65db4dfd2a8e323e61780edeba1f2acb81e057a,Qwen/Qwen2.5-3B-Instruct,aa8e72537993ba99e69dfaafa59ed015b17504d1,36286467377
RESCS1C-C113:CODE_MAPPED_LOW,RESCS1C-C113,CODE_MAPPED_LOW,CODE_MAPPED,LOW,B,VALID,,B,True,2.0,36.5,38.5,781,195,1,115,2,3,0,1,1,1,7a7828c7bbab6c9f3aca75360bb8fd697796e84df76e40dfe3217bc922dbdd5b,Qwen/Qwen2.5-3B-Instruct,aa8e72537993ba99e69dfaafa59ed015b17504d1,36286467377
RESCS1C-C113:NONREL_CONTROL_HIGH,RESCS1C-C113,NONREL_CONTROL_HIGH,NON_RELATIONAL_CONTROL,HIGH,B,VALID,,B,True,2.625,30.625,33.25,1203,292,1,22,5,9,4,3,4,4,2b479e091dade0cc880db4d097ad27436dc839ae570758deeddf500c624889ed,Qwen/Qwen2.5-3B-Instruct,aa8e72537993ba99e69dfaafa59ed015b17504d1,36286467377
RESCS1C-C114:NEUTRAL_LOW,RESCS1C-C114,NEUTRAL_LOW,NEUTRAL,LOW,B,VALID,,B,True,2.25,32.75,35.0,806,203,1,0,2,3,0,1,1,1,7f2bf7a8bcefcaa07bca2e3d0557adcd3455ab634e96d7c9d253ae121d52c426,Qwen/Qwen2.5-3B-Instruct,aa8e72537993ba99e69dfaafa59ed015b17504d1,36286467377
RESCS1C-C114:CODE_MAPPED_HIGH,RESCS1C-C114,CODE_MAPPED_HIGH,CODE_MAPPED,HIGH,B,VALID,,B,True,3.0,31.25,34.25,1172,277,3,115,5,9,4,3,4,4,c33035b77b4497f4ba57a982b20f0e1cf908f1c8b0567103b2a9a33f22c28c24,Qwen/Qwen2.5-3B-Instruct,aa8e72537993ba99e69dfaafa59ed015b17504d1,36286467377
RESCS1C-C114:CODE_MAPPED_LOW,RESCS1C-C114,CODE_MAPPED_LOW,CODE_MAPPED,LOW,B,VALID,,B,True,3.125,31.125,34.25,789,195,3,115,2,3,0,1,1,1,bba504ddf79dc49a0a3c051151d2f51b99374905a354ee88cd17b8d9fca03a63,Qwen/Qwen2.5-3B-Instruct,aa8e72537993ba99e69dfaafa59ed015b17504d1,36286467377
RESCS1C-C114:NONREL_CONTROL_HIGH,RESCS1C-C114,NONREL_CONTROL_HIGH,NON_RELATIONAL_CONTROL,HIGH,B,VALID,,B,True,1.5,31.75,33.25,1211,292,1,22,5,9,4,3,4,4,fdf70bf67170bd25847000a75c047413ad806101c51e995ec27990c7ac8b452d,Qwen/Qwen2.5-3B-Instruct,aa8e72537993ba99e69dfaafa59ed015b17504d1,36286467377
RESCS1C-C114:NEUTRAL_HIGH,RESCS1C-C114,NEUTRAL_HIGH,NEUTRAL,HIGH,B,VALID,,B,True,1.25,32.5,33.75,1189,285,3,0,5,9,4,3,4,4,90d8460c0bdfdb18aa38cf504f3fd5dd71a53c2aed5b219e8937a6964923ad59,Qwen/Qwen2.5-3B-Instruct,aa8e72537993ba99e69dfaafa59ed015b17504d1,36286467377
RESCS1C-C115:NEUTRAL_LOW,RESCS1C-C115,NEUTRAL_LOW,NEUTRAL,LOW,B,VALID,,B,True,0.75,32.25,33.0,795,202,1,0,2,3,0,1,1,1,d40ed8d1ea8f2b0abe80a25896fb19cbc599c0e37b054d36b2154787fed92b2c,Qwen/Qwen2.5-3B-Instruct,aa8e72537993ba99e69dfaafa59ed015b17504d1,36286467377
RESCS1C-C115:CODE_MAPPED_LOW,RESCS1C-C115,CODE_MAPPED_LOW,CODE_MAPPED,LOW,B,VALID,,B,True,5.25,34.5,39.75,778,194,1,115,2,3,0,1,1,1,187bdd72d0d7528be91cc3a6676ebf10c75b0c60e3c5fb67b8dd6d15ff634acb,Qwen/Qwen2.5-3B-Instruct,aa8e72537993ba99e69dfaafa59ed015b17504d1,36286467377
RESCS1C-C115:CODE_MAPPED_HIGH,RESCS1C-C115,CODE_MAPPED_HIGH,CODE_MAPPED,HIGH,B,VALID,,B,True,5.125,31.125,36.25,1161,276,1,115,5,9,4,3,4,4,818adf36d8e3fd78874b85e91de623958972d2e5a6417df540cf994bc66a4426,Qwen/Qwen2.5-3B-Instruct,aa8e72537993ba99e69dfaafa59ed015b17504d1,36286467377
RESCS1C-C115:NONREL_CONTROL_HIGH,RESCS1C-C115,NONREL_CONTROL_HIGH,NON_RELATIONAL_CONTROL,HIGH,B,VALID,,B,True,3.875,30.125,34.0,1200,291,1,22,5,9,4,3,4,4,2729bc9b6bb4bfcd334fa9ecaf14a2b8a8a2a976751c16bf16802ca2295a21f3,Qwen/Qwen2.5-3B-Instruct,aa8e72537993ba99e69dfaafa59ed015b17504d1,36286467377
RESCS1C-C115:NEUTRAL_HIGH,RESCS1C-C115,NEUTRAL_HIGH,NEUTRAL,HIGH,B,VALID,,B,True,2.875,30.375,33.25,1178,284,1,0,5,9,4,3,4,4,1a3a344a014403f644d9fa3a5836006ea0565eb275a8c667b9566200f055137a,Qwen/Qwen2.5-3B-Instruct,aa8e72537993ba99e69dfaafa59ed015b17504d1,36286467377
RESCS1C-C116:CODE_MAPPED_LOW,RESCS1C-C116,CODE_MAPPED_LOW,CODE_MAPPED,LOW,A,VALID,,B,False,-3.0,34.25,37.25,776,195,1,117,2,3,0,1,1,1,fdeb6fa9cb492334e5fb8c99aff04ffa953d690faf7c2f2999448f63236923b4,Qwen/Qwen2.5-3B-Instruct,aa8e72537993ba99e69dfaafa59ed015b17504d1,36286467377
RESCS1C-C116:CODE_MAPPED_HIGH,RESCS1C-C116,CODE_MAPPED_HIGH,CODE_MAPPED,HIGH,A,VALID,,B,False,0.0,35.5,35.5,1159,277,1,117,5,9,4,3,4,4,6c5899eb10689c731b97c96fef92531f934cdbaca1bf6139f32971667e676203,Qwen/Qwen2.5-3B-Instruct,aa8e72537993ba99e69dfaafa59ed015b17504d1,36286467377
RESCS1C-C116:NONREL_CONTROL_HIGH,RESCS1C-C116,NONREL_CONTROL_HIGH,NON_RELATIONAL_CONTROL,HIGH,A,VALID,,B,False,-0.5,32.75,33.25,1201,292,1,22,5,9,4,3,4,4,740966fae53552ef82d6f6eff4adb66cd171ea54679ff2b55e5764aec45c10d8,Qwen/Qwen2.5-3B-Instruct,aa8e72537993ba99e69dfaafa59ed015b17504d1,36286467377
RESCS1C-C116:NEUTRAL_HIGH,RESCS1C-C116,NEUTRAL_HIGH,NEUTRAL,HIGH,A,VALID,,B,False,-0.5,33.25,33.75,1179,285,1,0,5,9,4,3,4,4,3ad0c66abe991cf4b57354a884513f2da0cfb680f6d62665fe2f37d9c0475710,Qwen/Qwen2.5-3B-Instruct,aa8e72537993ba99e69dfaafa59ed015b17504d1,36286467377
RESCS1C-C116:NEUTRAL_LOW,RESCS1C-C116,NEUTRAL_LOW,NEUTRAL,LOW,A,VALID,,B,False,-1.0,33.75,34.75,796,203,1,0,2,3,0,1,1,1,41892405364d949e65dc54183e8aa145bafdb5c653f93a516f645cd93d276508,Qwen/Qwen2.5-3B-Instruct,aa8e72537993ba99e69dfaafa59ed015b17504d1,36286467377
RESCS1C-C117:CODE_MAPPED_HIGH,RESCS1C-C117,CODE_MAPPED_HIGH,CODE_MAPPED,HIGH,A,VALID,,A,True,3.5,37.75,34.25,1159,277,1,117,5,9,4,3,4,4,fb6f7f0a9c69622bcc00f9d154866d68c354514eeeee41d316a4e01e7c8624b7,Qwen/Qwen2.5-3B-Instruct,aa8e72537993ba99e69dfaafa59ed015b17504d1,36286467377
RESCS1C-C117:NONREL_CONTROL_HIGH,RESCS1C-C117,NONREL_CONTROL_HIGH,NON_RELATIONAL_CONTROL,HIGH,A,VALID,,B,False,-0.875,30.25,31.125,1201,292,3,22,5,9,4,3,4,4,e3a070c851d82be9a0cd1b1ff80c533e924ae83849e908f5c8b4bec60fbb5a60,Qwen/Qwen2.5-3B-Instruct,aa8e72537993ba99e69dfaafa59ed015b17504d1,36286467377
RESCS1C-C117:NEUTRAL_HIGH,RESCS1C-C117,NEUTRAL_HIGH,NEUTRAL,HIGH,A,VALID,,B,False,-1.125,30.0,31.125,1179,285,3,0,5,9,4,3,4,4,5411d36c4e03abad5a708b79223040e284d8162eb3bb540b165bc1c3b25d25b7,Qwen/Qwen2.5-3B-Instruct,aa8e72537993ba99e69dfaafa59ed015b17504d1,36286467377
RESCS1C-C117:NEUTRAL_LOW,RESCS1C-C117,NEUTRAL_LOW,NEUTRAL,LOW,A,VALID,,B,False,0.25,34.0,33.75,796,203,1,0,2,3,0,1,1,1,e1791dd9377d9ab2c272870b5f8c8b5f16f33c8d0dfc7c3c118564008073b834,Qwen/Qwen2.5-3B-Instruct,aa8e72537993ba99e69dfaafa59ed015b17504d1,36286467377
RESCS1C-C117:CODE_MAPPED_LOW,RESCS1C-C117,CODE_MAPPED_LOW,CODE_MAPPED,LOW,A,VALID,,B,False,0.25,38.0,37.75,776,195,1,117,2,3,0,1,1,1,0ea2fd07b8b7f6740c05a0a2c4555aac82b8fdd55eb3479d561b74dede5da13b,Qwen/Qwen2.5-3B-Instruct,aa8e72537993ba99e69dfaafa59ed015b17504d1,36286467377
RESCS1C-C118:NONREL_CONTROL_HIGH,RESCS1C-C118,NONREL_CONTROL_HIGH,NON_RELATIONAL_CONTROL,HIGH,A,VALID,,B,False,-1.625,30.625,32.25,1200,291,1,22,5,9,4,3,4,4,4e26906bc749026e443e173ac259225562c0d940bf45f619d3666a7af6126581,Qwen/Qwen2.5-3B-Instruct,aa8e72537993ba99e69dfaafa59ed015b17504d1,36286467377
RESCS1C-C118:NEUTRAL_HIGH,RESCS1C-C118,NEUTRAL_HIGH,NEUTRAL,HIGH,A,VALID,,B,False,-1.625,30.375,32.0,1178,284,3,0,5,9,4,3,4,4,10a85b365e1a99922ff1a0832a1248554b152ea7c2057b8c2d8fb9e65078beda,Qwen/Qwen2.5-3B-Instruct,aa8e72537993ba99e69dfaafa59ed015b17504d1,36286467377
RESCS1C-C118:NEUTRAL_LOW,RESCS1C-C118,NEUTRAL_LOW,NEUTRAL,LOW,A,VALID,,B,False,-0.5,33.75,34.25,795,202,1,0,2,3,0,1,1,1,391803a40bbe03f781b6b2850833ca1df528de5e25941f736fbb091adee0199c,Qwen/Qwen2.5-3B-Instruct,aa8e72537993ba99e69dfaafa59ed015b17504d1,36286467377
RESCS1C-C118:CODE_MAPPED_LOW,RESCS1C-C118,CODE_MAPPED_LOW,CODE_MAPPED,LOW,A,VALID,,B,False,1.5,38.5,37.0,778,194,1,115,2,3,0,1,1,1,abcc45ba823817995fb71862509adc2c76df648b6a26a3bcba9b55fd50d5122f,Qwen/Qwen2.5-3B-Instruct,aa8e72537993ba99e69dfaafa59ed015b17504d1,36286467377
RESCS1C-C118:CODE_MAPPED_HIGH,RESCS1C-C118,CODE_MAPPED_HIGH,CODE_MAPPED,HIGH,A,VALID,,A,True,5.0,38.25,33.25,1161,276,1,115,5,9,4,3,4,4,4487f383e4cfb134d93c4218314dc42c215694b4caaa9f38f6f2214ff47cf0dc,Qwen/Qwen2.5-3B-Instruct,aa8e72537993ba99e69dfaafa59ed015b17504d1,36286467377
RESCS1C-C119:NEUTRAL_HIGH,RESCS1C-C119,NEUTRAL_HIGH,NEUTRAL,HIGH,A,VALID,,B,False,-0.5,32.75,33.25,1180,284,1,0,5,9,4,3,4,4,ae93753379d806389ee21f08bc828421183f816618f94fa66be70e3128559132,Qwen/Qwen2.5-3B-Instruct,aa8e72537993ba99e69dfaafa59ed015b17504d1,36286467377
RESCS1C-C119:NEUTRAL_LOW,RESCS1C-C119,NEUTRAL_LOW,NEUTRAL,LOW,A,VALID,,B,False,1.5,37.5,36.0,797,202,1,0,2,3,0,1,1,1,e25e420d5f9d27e1a329df1387c3e3b53dea6e762a501b4a222e200e7b205bc1,Qwen/Qwen2.5-3B-Instruct,aa8e72537993ba99e69dfaafa59ed015b17504d1,36286467377
RESCS1C-C119:CODE_MAPPED_LOW,RESCS1C-C119,CODE_MAPPED_LOW,CODE_MAPPED,LOW,A,VALID,,B,False,-2.0,35.5,37.5,780,194,1,115,2,3,0,1,1,1,fedb1b70c71077eed40d8c40c1d78accb036bee47435fc709e870b8937f93c9f,Qwen/Qwen2.5-3B-Instruct,aa8e72537993ba99e69dfaafa59ed015b17504d1,36286467377
RESCS1C-C119:CODE_MAPPED_HIGH,RESCS1C-C119,CODE_MAPPED_HIGH,CODE_MAPPED,HIGH,A,VALID,,B,False,-1.25,34.0,35.25,1163,276,1,115,5,9,4,3,4,4,4ce906646198f5863181399dfee9d797a0515b593e3f5e140b27172e3403e75d,Qwen/Qwen2.5-3B-Instruct,aa8e72537993ba99e69dfaafa59ed015b17504d1,36286467377
RESCS1C-C119:NONREL_CONTROL_HIGH,RESCS1C-C119,NONREL_CONTROL_HIGH,NON_RELATIONAL_CONTROL,HIGH,A,VALID,,B,False,-1.5,32.5,34.0,1202,291,1,22,5,9,4,3,4,4,f77e5f5342e3a9911818d8f88dc59688853ad36403abd17d939d28baa4fd1d12,Qwen/Qwen2.5-3B-Instruct,aa8e72537993ba99e69dfaafa59ed015b17504d1,36286467377
RESCS1C-C120:NEUTRAL_LOW,RESCS1C-C120,NEUTRAL_LOW,NEUTRAL,LOW,B,VALID,,B,True,-0.25,33.75,33.5,796,203,1,0,2,3,0,1,1,1,2ad1a5c900f486c9f08a55fb82d29e5db149f1454657fde5b4bb846d4d894555,Qwen/Qwen2.5-3B-Instruct,aa8e72537993ba99e69dfaafa59ed015b17504d1,36286467377
RESCS1C-C120:CODE_MAPPED_LOW,RESCS1C-C120,CODE_MAPPED_LOW,CODE_MAPPED,LOW,B,VALID,,B,True,5.0,33.25,38.25,776,195,1,117,2,3,0,1,1,1,7fadff6935831d4acf199392ffd5ac1b954a8d1a3bec184c07fe5e5081107624,Qwen/Qwen2.5-3B-Instruct,aa8e72537993ba99e69dfaafa59ed015b17504d1,36286467377
RESCS1C-C120:CODE_MAPPED_HIGH,RESCS1C-C120,CODE_MAPPED_HIGH,CODE_MAPPED,HIGH,B,VALID,,B,True,6.625,31.625,38.25,1159,277,1,117,5,9,4,3,4,4,070e84e5c9d839d352df1a64d5ea7c25c4601907723f2dfa7fce55075ee44b3f,Qwen/Qwen2.5-3B-Instruct,aa8e72537993ba99e69dfaafa59ed015b17504d1,36286467377
RESCS1C-C120:NONREL_CONTROL_HIGH,RESCS1C-C120,NONREL_CONTROL_HIGH,NON_RELATIONAL_CONTROL,HIGH,B,VALID,,B,True,-1.25,31.875,30.625,1201,292,1,22,5,9,4,3,4,4,50e9351a8da0a030f56de90470e635c07365d56dde6feba9ee4a47b07bfc3522,Qwen/Qwen2.5-3B-Instruct,aa8e72537993ba99e69dfaafa59ed015b17504d1,36286467377
RESCS1C-C120:NEUTRAL_HIGH,RESCS1C-C120,NEUTRAL_HIGH,NEUTRAL,HIGH,B,VALID,,A,False,-2.0,32.5,30.5,1179,285,3,0,5,9,4,3,4,4,c0d6079f344825de036956d42e56efd2fca82b6f502faee6f9acf3d44d92d9bc,Qwen/Qwen2.5-3B-Instruct,aa8e72537993ba99e69dfaafa59ed015b17504d1,36286467377
RESCS1C-C121:CODE_MAPPED_LOW,RESCS1C-C121,CODE_MAPPED_LOW,CODE_MAPPED,LOW,B,VALID,,B,True,1.75,37.0,38.75,778,194,1,115,2,3,0,1,1,1,0bb5d79a6b6b6fd8571954a639bde6c2684f9c97605cc95d6ddfb59479409069,Qwen/Qwen2.5-3B-Instruct,aa8e72537993ba99e69dfaafa59ed015b17504d1,36286467377
RESCS1C-C121:CODE_MAPPED_HIGH,RESCS1C-C121,CODE_MAPPED_HIGH,CODE_MAPPED,HIGH,B,VALID,,B,True,0.25,35.25,35.5,1161,276,1,115,5,9,4,3,4,4,e9c2f9c94cf846463a1642693030e4396c080bb3d9e1a54ddb3666c931066228,Qwen/Qwen2.5-3B-Instruct,aa8e72537993ba99e69dfaafa59ed015b17504d1,36286467377
RESCS1C-C121:NONREL_CONTROL_HIGH,RESCS1C-C121,NONREL_CONTROL_HIGH,NON_RELATIONAL_CONTROL,HIGH,B,VALID,,B,True,3.0,30.25,33.25,1200,291,1,22,5,9,4,3,4,4,014bf23f5bd92d9166d1be89e54310c5bcfcb29cc6a04a8bbdfa8069b1b59171,Qwen/Qwen2.5-3B-Instruct,aa8e72537993ba99e69dfaafa59ed015b17504d1,36286467377
RESCS1C-C121:NEUTRAL_HIGH,RESCS1C-C121,NEUTRAL_HIGH,NEUTRAL,HIGH,B,VALID,,B,True,2.875,30.125,33.0,1178,284,1,0,5,9,4,3,4,4,1fdc7bb6fd46b91e59ad4b3f299064b5f9023675a75d871197c693ef2769233b,Qwen/Qwen2.5-3B-Instruct,aa8e72537993ba99e69dfaafa59ed015b17504d1,36286467377
RESCS1C-C121:NEUTRAL_LOW,RESCS1C-C121,NEUTRAL_LOW,NEUTRAL,LOW,B,VALID,,B,True,2.0,33.75,35.75,795,202,1,0,2,3,0,1,1,1,4e6b380d8cfb318bf950697bf0c8c459759f9a22d36b542012d2e8dff1da1b3f,Qwen/Qwen2.5-3B-Instruct,aa8e72537993ba99e69dfaafa59ed015b17504d1,36286467377
RESCS1C-C122:CODE_MAPPED_HIGH,RESCS1C-C122,CODE_MAPPED_HIGH,CODE_MAPPED,HIGH,A,VALID,,A,True,5.25,37.75,32.5,1162,277,1,115,5,9,4,3,4,4,2cd832cc2ee3d141fd6625baf137316a0b4de36b3d4af1e4849e0572a0ccfcb1,Qwen/Qwen2.5-3B-Instruct,aa8e72537993ba99e69dfaafa59ed015b17504d1,36286467377
RESCS1C-C122:NONREL_CONTROL_HIGH,RESCS1C-C122,NONREL_CONTROL_HIGH,NON_RELATIONAL_CONTROL,HIGH,A,VALID,,B,False,-1.625,30.25,31.875,1201,292,1,22,5,9,4,3,4,4,86d8f3431c4a6b3d3542db59fed7e67106b90032cdce15b10c3f65e0b6b9fa6e,Qwen/Qwen2.5-3B-Instruct,aa8e72537993ba99e69dfaafa59ed015b17504d1,36286467377
RESCS1C-C122:NEUTRAL_HIGH,RESCS1C-C122,NEUTRAL_HIGH,NEUTRAL,HIGH,A,VALID,,B,False,-1.875,29.875,31.75,1179,285,3,0,5,9,4,3,4,4,c9653afb48cdb3df6a0d220bc5ede7410de5badbf150c76e0ebfa16fc9b95948,Qwen/Qwen2.5-3B-Instruct,aa8e72537993ba99e69dfaafa59ed015b17504d1,36286467377
RESCS1C-C122:NEUTRAL_LOW,RESCS1C-C122,NEUTRAL_LOW,NEUTRAL,LOW,A,VALID,,B,False,-0.25,33.25,33.5,796,203,1,0,2,3,0,1,1,1,589a3de3634dba90654df697353c5833cda236a741cce42a96e8a66a31a35870,Qwen/Qwen2.5-3B-Instruct,aa8e72537993ba99e69dfaafa59ed015b17504d1,36286467377
RESCS1C-C122:CODE_MAPPED_LOW,RESCS1C-C122,CODE_MAPPED_LOW,CODE_MAPPED,LOW,A,VALID,,B,False,0.75,37.5,36.75,779,195,1,115,2,3,0,1,1,1,5fa4f9dbcd844975b718cd2e33d12a65f0fcfc6cf64cfe7c0922c122b05a0c7d,Qwen/Qwen2.5-3B-Instruct,aa8e72537993ba99e69dfaafa59ed015b17504d1,36286467377
RESCS1C-C123:NONREL_CONTROL_HIGH,RESCS1C-C123,NONREL_CONTROL_HIGH,NON_RELATIONAL_CONTROL,HIGH,A,VALID,,A,True,8.25,36.75,28.5,1210,291,1,22,5,9,4,3,4,4,19cc22f54f235bcde84dd222f1f4478df943196c0085fac27671c74d9926abec,Qwen/Qwen2.5-3B-Instruct,aa8e72537993ba99e69dfaafa59ed015b17504d1,36286467377
RESCS1C-C123:NEUTRAL_HIGH,RESCS1C-C123,NEUTRAL_HIGH,NEUTRAL,HIGH,A,VALID,,A,True,9.75,37.5,27.75,1188,284,1,0,5,9,4,3,4,4,917825d27249c005fa72272736f44f898ded7be414677b5e5b9c23ded87bda83,Qwen/Qwen2.5-3B-Instruct,aa8e72537993ba99e69dfaafa59ed015b17504d1,36286467377
RESCS1C-C123:NEUTRAL_LOW,RESCS1C-C123,NEUTRAL_LOW,NEUTRAL,LOW,A,VALID,,A,True,13.125,38.75,25.625,805,202,1,0,2,3,0,1,1,1,89cd04d26491a12b555843e7866e7bda08402bf98a1a05ad6bbd601536c34644,Qwen/Qwen2.5-3B-Instruct,aa8e72537993ba99e69dfaafa59ed015b17504d1,36286467377
RESCS1C-C123:CODE_MAPPED_LOW,RESCS1C-C123,CODE_MAPPED_LOW,CODE_MAPPED,LOW,A,VALID,,A,True,11.0,38.5,27.5,785,194,1,117,2,3,0,1,1,1,5dc8f37842ec46d836e1bca276ebd84803b85830cac535f0987fad61372ef24c,Qwen/Qwen2.5-3B-Instruct,aa8e72537993ba99e69dfaafa59ed015b17504d1,36286467377
RESCS1C-C123:CODE_MAPPED_HIGH,RESCS1C-C123,CODE_MAPPED_HIGH,CODE_MAPPED,HIGH,A,VALID,,A,True,5.375,36.75,31.375,1168,276,1,117,5,9,4,3,4,4,7afa0789a5e28e157a7ef3a67a63dfc56e9ecd2071f270b9f470738ee54e12c5,Qwen/Qwen2.5-3B-Instruct,aa8e72537993ba99e69dfaafa59ed015b17504d1,36286467377
RESCS1C-C124:NEUTRAL_HIGH,RESCS1C-C124,NEUTRAL_HIGH,NEUTRAL,HIGH,A,VALID,,B,False,-1.375,30.125,31.5,1178,284,3,0,5,9,4,3,4,4,288eaa5ea8c02ed697cac3a1a1beaee517bc06f9a2205f3eec991da77e2043ad,Qwen/Qwen2.5-3B-Instruct,aa8e72537993ba99e69dfaafa59ed015b17504d1,36286467377
RESCS1C-C124:NEUTRAL_LOW,RESCS1C-C124,NEUTRAL_LOW,NEUTRAL,LOW,A,VALID,,B,False,0.5,35.0,34.5,795,202,1,0,2,3,0,1,1,1,10f13bd5735c34461d5f4ce703eab11372a47f562d0fc608708d3f894eac66d8,Qwen/Qwen2.5-3B-Instruct,aa8e72537993ba99e69dfaafa59ed015b17504d1,36286467377
RESCS1C-C124:CODE_MAPPED_LOW,RESCS1C-C124,CODE_MAPPED_LOW,CODE_MAPPED,LOW,A,VALID,,B,False,1.0,38.5,37.5,775,194,1,117,2,3,0,1,1,1,ab0f54fb0ff55c24405b523d40a01f2f67ce09bd77c7642a3d9ba8500723082b,Qwen/Qwen2.5-3B-Instruct,aa8e72537993ba99e69dfaafa59ed015b17504d1,36286467377
RESCS1C-C124:CODE_MAPPED_HIGH,RESCS1C-C124,CODE_MAPPED_HIGH,CODE_MAPPED,HIGH,A,VALID,,A,True,3.0,37.5,34.5,1158,276,1,117,5,9,4,3,4,4,64689325f89b48b757d02f83a58538dcb347fe45993ba47f25965cbd6d18ad75,Qwen/Qwen2.5-3B-Instruct,aa8e72537993ba99e69dfaafa59ed015b17504d1,36286467377
RESCS1C-C124:NONREL_CONTROL_HIGH,RESCS1C-C124,NONREL_CONTROL_HIGH,NON_RELATIONAL_CONTROL,HIGH,A,VALID,,B,False,-1.25,30.125,31.375,1200,291,1,22,5,9,4,3,4,4,cc66ef42a0cd4d5a96d3173001e316744e8348955ea806b3d9ef2dca4402ef94,Qwen/Qwen2.5-3B-Instruct,aa8e72537993ba99e69dfaafa59ed015b17504d1,36286467377
RESCS1C-C125:NEUTRAL_LOW,RESCS1C-C125,NEUTRAL_LOW,NEUTRAL,LOW,B,VALID,,B,True,7.25,30.25,37.5,785,202,1,0,2,3,0,1,1,1,2e73dae08bb2c27759eae11f27ef2a95e830f6630ed649746bf2e7944d5df6fb,Qwen/Qwen2.5-3B-Instruct,aa8e72537993ba99e69dfaafa59ed015b17504d1,36324399210
RESCS1C-C125:NONREL_CONTROL_HIGH,RESCS1C-C125,NONREL_CONTROL_HIGH,NON_RELATIONAL_CONTROL,HIGH,B,VALID,,B,True,6.375,29.875,36.25,1190,291,1,22,5,9,4,3,4,4,0b567420290d68fa9b246df98c4c2d50a5b5e712d45bea3950d734b3dd789e7c,Qwen/Qwen2.5-3B-Instruct,aa8e72537993ba99e69dfaafa59ed015b17504d1,36324399210
RESCS1C-C125:CODE_MAPPED_LOW,RESCS1C-C125,CODE_MAPPED_LOW,CODE_MAPPED,LOW,B,VALID,,B,True,11.75,29.0,40.75,768,194,1,115,2,3,0,1,1,1,f2addf84f4663666389c1260f4e963b72f2fe8273575cd0d369117f615fead90,Qwen/Qwen2.5-3B-Instruct,aa8e72537993ba99e69dfaafa59ed015b17504d1,36324399210
RESCS1C-C125:NEUTRAL_HIGH,RESCS1C-C125,NEUTRAL_HIGH,NEUTRAL,HIGH,B,VALID,,B,True,7.375,29.125,36.5,1168,284,1,0,5,9,4,3,4,4,26a8d20d82085614b5af02f65a1e150acdb958f20b2f0a03b070630cbaca2d60,Qwen/Qwen2.5-3B-Instruct,aa8e72537993ba99e69dfaafa59ed015b17504d1,36324399210
RESCS1C-C125:CODE_MAPPED_HIGH,RESCS1C-C125,CODE_MAPPED_HIGH,CODE_MAPPED,HIGH,B,VALID,,B,True,11.375,27.875,39.25,1151,276,1,115,5,9,4,3,4,4,85a8e173ac02099953e26568b1957bf2695cc2cc69ba44d0348d41a4d0b58de3,Qwen/Qwen2.5-3B-Instruct,aa8e72537993ba99e69dfaafa59ed015b17504d1,36324399210
RESCS1C-C126:NONREL_CONTROL_HIGH,RESCS1C-C126,NONREL_CONTROL_HIGH,NON_RELATIONAL_CONTROL,HIGH,B,VALID,,B,True,0.5,32.75,33.25,1202,291,1,22,5,9,4,3,4,4,16f5281c0f7b2cdcd6dd84092b13e3082a50bfb2e8a55e8b6a8c7e52f54003ff,Qwen/Qwen2.5-3B-Instruct,aa8e72537993ba99e69dfaafa59ed015b17504d1,36324399210
RESCS1C-C126:CODE_MAPPED_LOW,RESCS1C-C126,CODE_MAPPED_LOW,CODE_MAPPED,LOW,B,VALID,,B,True,3.75,32.5,36.25,777,194,1,117,2,3,0,1,1,1,d7b0851b178fc1a33c28b3445bc82e7b104abd5a19eec41ab6cd924c693ac207,Qwen/Qwen2.5-3B-Instruct,aa8e72537993ba99e69dfaafa59ed015b17504d1,36324399210
RESCS1C-C126:NEUTRAL_HIGH,RESCS1C-C126,NEUTRAL_HIGH,NEUTRAL,HIGH,B,VALID,,B,True,-0.5,34.0,33.5,1180,284,1,0,5,9,4,3,4,4,824998201776ff03975a94c42b259b1ca070c9ae19a0f37e2afd1bec586524d0,Qwen/Qwen2.5-3B-Instruct,aa8e72537993ba99e69dfaafa59ed015b17504d1,36324399210
RESCS1C-C126:CODE_MAPPED_HIGH,RESCS1C-C126,CODE_MAPPED_HIGH,CODE_MAPPED,HIGH,B,VALID,,B,True,0.0,34.75,34.75,1160,276,1,117,5,9,4,3,4,4,ecf52c4ad0bccaf4fc19152a95b8c8c879d908f67b58379d1688f4067c6c1151,Qwen/Qwen2.5-3B-Instruct,aa8e72537993ba99e69dfaafa59ed015b17504d1,36324399210
RESCS1C-C126:NEUTRAL_LOW,RESCS1C-C126,NEUTRAL_LOW,NEUTRAL,LOW,B,VALID,,B,True,1.25,33.25,34.5,797,202,1,0,2,3,0,1,1,1,cc20003c38a4e14597399f79d3af294d22825e0884c71a94619e763a283bc054,Qwen/Qwen2.5-3B-Instruct,aa8e72537993ba99e69dfaafa59ed015b17504d1,36324399210
RESCS1C-C127:CODE_MAPPED_LOW,RESCS1C-C127,CODE_MAPPED_LOW,CODE_MAPPED,LOW,B,VALID,,B,True,10.0,28.5,38.5,774,195,1,117,2,3,0,1,1,1,7f7bcd609e4cf00f5c5e29514e157512175c844fd30eda7ae590ee479e5b7afa,Qwen/Qwen2.5-3B-Instruct,aa8e72537993ba99e69dfaafa59ed015b17504d1,36324399210
RESCS1C-C127:NEUTRAL_HIGH,RESCS1C-C127,NEUTRAL_HIGH,NEUTRAL,HIGH,B,VALID,,B,True,0.25,34.25,34.5,1177,285,1,0,5,9,4,3,4,4,e0b90c7ba845d4007f45edb4c9722189ffb00ee53f88cbcede862f8bd5817dc6,Qwen/Qwen2.5-3B-Instruct,aa8e72537993ba99e69dfaafa59ed015b17504d1,36324399210
RESCS1C-C127:CODE_MAPPED_HIGH,RESCS1C-C127,CODE_MAPPED_HIGH,CODE_MAPPED,HIGH,B,VALID,,B,True,11.375,27.125,38.5,1157,277,1,117,5,9,4,3,4,4,cfa4c56d56f8187dc45bd0cae760202d5820d3de6bc51034f81ca17c43f4b1b6,Qwen/Qwen2.5-3B-Instruct,aa8e72537993ba99e69dfaafa59ed015b17504d1,36324399210
RESCS1C-C127:NEUTRAL_LOW,RESCS1C-C127,NEUTRAL_LOW,NEUTRAL,LOW,B,VALID,,B,True,0.75,35.0,35.75,794,203,1,0,2,3,0,1,1,1,b5805d737fd5c2beba87591d9992a97de549fd61c127fc51617afc338739a0ed,Qwen/Qwen2.5-3B-Instruct,aa8e72537993ba99e69dfaafa59ed015b17504d1,36324399210
RESCS1C-C127:NONREL_CONTROL_HIGH,RESCS1C-C127,NONREL_CONTROL_HIGH,NON_RELATIONAL_CONTROL,HIGH,B,VALID,,B,True,2.0,33.0,35.0,1199,292,1,22,5,9,4,3,4,4,dc952bd9552993e6327731bf06e2eac0a794ca507b10a3f8dfcdff7774295d4c,Qwen/Qwen2.5-3B-Instruct,aa8e72537993ba99e69dfaafa59ed015b17504d1,36324399210
